geo_hnum,geo_sname,geo_borough,geo_bbl,geo_tpad_new_bin,geo_tpad_new_bin_status,geo_tpad_dm_bin_status,geo_tpad_conflict_flag,geo_tpad_bin_status,geo_return_code,geo_return_code_2,geo_message,geo_message_2,geo_reason_code,job_number,uid,date_complete,date_permittd,date_filed
445,WEST   20 STREET,MANHATTAN,1007180001,1088862,0,"",4,"",00,01,"","TPAD BBL USED,EXISTING PAD BIN OF INPUT ADDR ON DIFF BBL THAN TPAD NB BIN",8,120621568,12062156806/05/2014 12:00:00 AM,2013-11-26,2012-04-06,03/01/2011
41,BOND STREET,MANHATTAN,1005290029,1088776,2,"",2,"",00,01,"","TPAD BBL USED, NO EXISTING PAD BBL",*,110009188,11000918808/14/2013 12:00:00 AM,2011-10-21,2009-06-22,11/01/2007
277,QUINTARD STREET,STATEN IS,5033950047,5164507,0,"",D,"",00,01,"","ADDRESS FOUND IN TPAD, NOT FOUND IN PAD",8,520214535,52021453505/10/2018 12:00:00 AM,2018-05-10,2016-06-01,12/26/2014
373,FREEBORN STREET,STATEN IS,5038860045,5169415,0,"",D,"",00,01,"","ADDRESS FOUND IN TPAD, NOT FOUND IN PAD",8,520276763,52027676312/01/2017 12:00:00 AM,2017-12-01,2017-05-24,04/17/2017
41,ANDREWS STREET,STATEN IS,5034100079,5169136,0,"",D,"",00,01,"","ADDRESS FOUND IN TPAD, NOT FOUND IN PAD",8,520318638,52031863803/15/2019 12:00:00 AM,2019-03-15,2018-01-18,11/30/2017
24 GARAGE,2 STREET,STATEN IS,5041920018,5169454,0,"",D,"",00,01,"","ADDRESS FOUND IN TPAD, NOT FOUND IN PAD",8,520277389,52027738903/14/2019 12:00:00 AM,2019-03-14,2017-07-07,05/02/2017
1981,CLOVE ROAD,STATEN IS,5029170024,5168867,0,"",3,"",00,01,"","TPAD BBL USED, PAD PSEUDO-ADDRESS ON DIFFERENT BBL THAN TPAD NB BIN",8,520270242,52027024212/28/2018 12:00:00 AM,2018-09-19,2017-09-19,09/30/2016
77,GIEGERICH AVENUE,STATEN IS,5077920438,5165152,0,"",D,"",00,01,"","ADDRESS FOUND IN TPAD, NOT FOUND IN PAD",8,520244806,52024480603/19/2019 12:00:00 AM,2019-03-19,2018-01-26,05/28/2015
11,HIGHLAND AVENUE,STATEN IS,5005930735,5164268,0,"",D,"",00,01,"","ADDRESS FOUND IN TPAD, NOT FOUND IN PAD",8,520240579,52024057911/13/2019 12:00:00 AM,2019-11-13,2016-10-12,08/04/2015
311,MORELAND STREET,STATEN IS,5038200051,5166665,0,"",D,"",00,01,"","ADDRESS FOUND IN TPAD, NOT FOUND IN PAD",8,520227004,52022700410/24/2017 12:00:00 AM,2017-10-24,2016-08-09,06/03/2016
27 GARAGE,HOWE STREET,STATEN IS,5003020015,5169464,0,"",D,"",00,01,"","ADDRESS FOUND IN TPAD, NOT FOUND IN PAD",8,520288901,52028890112/04/2018 12:00:00 AM,2018-12-04,2017-10-26,08/30/2017
60,LYNHURST AVENUE,STATEN IS,5028440071,5169752,0,"",D,"",00,01,"","ADDRESS FOUND IN TPAD, NOT FOUND IN PAD",8,520309336,52030933609/06/2018 12:00:00 AM,2018-09-06,2017-12-12,10/26/2017
122,BARD AVENUE,STATEN IS,5001380111,5165166,0,"",D,"",00,01,"","ADDRESS FOUND IN TPAD, NOT FOUND IN PAD",8,520246680,52024668006/04/2019 12:00:00 AM,2019-06-04,2017-08-03,07/29/2015
122 GARAGE,BARD AVENUE,STATEN IS,5001380111,5170410,0,"",D,"",00,01,"","ADDRESS FOUND IN TPAD, NOT FOUND IN PAD",8,520329341,52032934106/03/2019 12:00:00 AM,2019-06-03,2018-08-02,03/05/2018
11,MADISON AVENUE,MANHATTAN,1008547501,"","","",8,"",00,01,"","PAD BBL USED, TPAD NB BIN WITH NB-0 ON DIFFERENT BBL THAN PAD BIN",*,122719585,12271958506/15/2016 12:00:00 AM,2017-03-16,2016-06-15,05/05/2016
40 GARAGE,SEAVIEW AVENUE,STATEN IS,5033060021,5170468,0,"",2,"",00,01,"","TPAD BBL USED, NO EXISTING PAD BBL",*,520331668,52033166805/08/2019 12:00:00 AM,2019-05-08,2018-10-09,07/06/2018
150,4 AVENUE,BROOKLYN,3004130038,3397905,0,"",2,"",00,01,"","TPAD BBL USED, NO EXISTING PAD BBL",*,310058816,31005881607/27/2011 12:00:00 AM,2011-07-27,2008-06-06,11/23/2007
184,NOLL STREET,BROOKLYN,3031550015,3397106,0,"",2,"",00,01,"","TPAD BBL USED, NO EXISTING PAD BBL",*,310103919,31010391906/02/2011 12:00:00 AM,2011-06-02,2008-06-23,02/25/2008
182,15 STREET,BROOKLYN,3010470024,3397132,2,"",2,"",00,01,"","TPAD BBL USED, NO EXISTING PAD BBL",*,301791318,30179131802/02/2012 12:00:00 AM,2012-02-02,2005-09-12,07/15/2004
263,1 STREET,BROOKLYN,3009640066,3413513,0,"",2,"",00,01,"","TPAD BBL USED, NO EXISTING PAD BBL",*,320513912,32051391207/28/2016 12:00:00 AM,2016-07-06,2013-10-18,12/27/2012
938,83 STREET,BROOKLYN,3060210026,3404184,1,"",2,"",00,01,"","TPAD BBL USED, NO EXISTING PAD BBL",*,320763358,32076335804/15/2015 12:00:00 AM,2015-04-15,2013-11-15,05/29/2013
1721,61 STREET,BROOKLYN,3055180070,3397911,2,"",2,"",00,01,"","TPAD BBL USED, NO EXISTING PAD BBL",*,302245103,30224510312/16/2011 12:00:00 AM,2011-12-16,2007-06-15,11/02/2006
1740,PACIFIC STREET,BROOKLYN,3013420042,3424203,0,"",3,"",00,01,"","TPAD BBL USED, PAD PSEUDO-ADDRESS ON DIFFERENT BBL THAN TPAD NB BIN",8,321011196,32101119604/20/2017 12:00:00 AM,2017-04-20,2015-06-08,10/07/2014
181,THIRD AVENUE,BROOKLYN,3004130002,3397119,2,"",4,"",00,01,"","TPAD BBL USED,EXISTING PAD BIN OF INPUT ADDR ON DIFF BBL THAN TPAD NB BIN",8,302355733,30235573312/16/2013 12:00:00 AM,2011-07-01,2008-05-30,06/07/2007
984,MADISON STREET,BROOKLYN,3033660028,3422548,0,"",D,"",00,01,"","ADDRESS FOUND IN TPAD, NOT FOUND IN PAD",8,321195844,32119584408/09/2019 12:00:00 AM,2019-11-01,2017-06-13,10/05/2016
25,CARROLL STREET,BROOKLYN,3003477504,"","","",8,"",00,01,"","PAD BBL USED, TPAD NB BIN WITH NB-0 ON DIFFERENT BBL THAN PAD BIN",*,310138909,31013890910/27/2011 12:00:00 AM,2011-08-18,2010-08-05,05/16/2008
1517,NEW YORK AVENUE,BROOKLYN,3050080031,3421995,0,"",D,"",00,01,"","ADDRESS FOUND IN TPAD, NOT FOUND IN PAD",*,321407535,32140753502/20/2019 12:00:00 AM,2019-02-20,2017-03-20,06/22/2016
30A,4 STREET,BROOKLYN,3004680021,3397827,0,"",4,"",00,01,"","TPAD BBL USED,EXISTING PAD BIN OF INPUT ADDR ON DIFF BBL THAN TPAD NB BIN",8,320112187,32011218709/13/2012 12:00:00 AM,2011-08-11,2010-12-20,12/18/2009
720,57 STREET,BROOKLYN,3008507502,"","","",8,"",00,01,"","PAD BBL USED, TPAD NB BIN WITH NB-0 ON DIFFERENT BBL THAN PAD BIN",*,320590384,32059038405/04/2015 12:00:00 AM,2015-05-04,2013-10-25,06/04/2013
812,MYRTLE AVENUE,BROOKLYN,3017540038,3413738,0,"",2,"",00,01,"","TPAD BBL USED, NO EXISTING PAD BBL",*,320593103,32059310306/12/2018 12:00:00 AM,2017-09-18,2015-03-12,11/29/2013
613,BALTIC STREET,BROOKLYN,3009370001,3420168,0,"",2,"",00,01,"","TPAD BBL USED, NO EXISTING PAD BBL",*,320914098,32091409807/30/2018 12:00:00 AM,2017-09-21,2015-08-28,06/18/2014
1232,48 STREET,BROOKLYN,3056340018,3421813,0,"",2,"",00,01,"","TPAD BBL USED, NO EXISTING PAD BBL",*,321139781,32113978111/28/2017 12:00:00 AM,2017-11-28,2015-11-05,06/10/2015
139,GROVE STREET,BROOKLYN,3033140057,3425795,0,"",2,"",00,01,"","TPAD BBL USED, NO EXISTING PAD BBL",*,321172208,32117220807/31/2018 12:00:00 AM,2018-07-31,2016-11-14,08/03/2015
153,COLERIDGE STREET,BROOKLYN,3087530023,3421403,0,"",2,"",00,01,"","TPAD BBL USED, NO EXISTING PAD BBL",*,321192561,32119256105/21/2018 12:00:00 AM,2018-05-21,2018-02-05,07/26/2016
1980,STARR STREET,QUEENS,4033780067,4539485,0,"",2,"",00,01,"","TPAD BBL USED, NO EXISTING PAD BBL",3,402038870,40203887002/15/2011 12:00:00 AM,2010-09-09,2005-09-26,11/17/2004
1937,85 STREET,BROOKLYN,3063330063,3425606,0,"",D,"",00,01,"","ADDRESS FOUND IN TPAD, NOT FOUND IN PAD",8,321677949,32167794904/12/2019 12:00:00 AM,2019-04-12,2018-05-30,11/14/2017
104-36 GAR,39 AVENUE,QUEENS,4017760011,4610436,0,"",D,"",00,01,"","ADDRESS FOUND IN TPAD, NOT FOUND IN PAD",*,401516187,40151618708/30/2016 12:00:00 AM,2016-08-30,2003-03-19,08/22/2002
3-02,WEATHERLY PLACE,QUEENS,4039167505,4541597,2,"",2,"",00,01,"","TPAD BBL USED, NO EXISTING PAD BBL",*,420044446,42004444607/02/2012 12:00:00 AM,2012-07-02,2010-07-01,06/30/2009
45-06,64 STREET,QUEENS,4023240039,4541683,0,"",2,"",00,01,"","TPAD BBL USED, NO EXISTING PAD BBL",*,420840870,42084087009/07/2018 12:00:00 AM,2016-09-08,2016-05-04,02/23/2015
178-02,JAMAICA AVENUE,QUEENS,4103180008,4595520,0,"",2,"",00,01,"","TPAD BBL USED, NO EXISTING PAD BBL",*,420932860,42093286002/08/2018 12:00:00 AM,2018-02-08,2015-05-06,12/31/2013
18-25,20 AVENUE,QUEENS,4008500100,4595966,0,"",2,"",00,01,"","TPAD BBL USED, NO EXISTING PAD BBL",*,420993580,42099358004/30/2019 12:00:00 AM,2019-04-30,2017-02-28,06/23/2014
21-30,44 DRIVE,QUEENS,4000780041,4618218,0,"",2,"",00,01,"","TPAD BBL USED, NO EXISTING PAD BBL",*,421231893,42123189311/30/2018 12:00:00 AM,2019-10-22,2017-10-17,10/27/2015
27-21,44 DRIVE,QUEENS,4002687501,"","","",8,"",00,01,"","PAD BBL USED, TPAD NB BIN WITH NB-0 ON DIFFERENT BBL THAN PAD BIN",*,420652537,42065253705/30/2018 12:00:00 AM,2017-06-30,2015-05-22,09/23/2014
169-09,107 AVENUE,QUEENS,4102380056,4617443,0,"",3,"",00,01,"","TPAD BBL USED, PAD PSEUDO-ADDRESS ON DIFFERENT BBL THAN TPAD NB BIN",8,421068203,42106820306/18/2018 12:00:00 AM,2018-06-18,2016-03-03,12/26/2014
163-34 GAR,MATHIAS AVENUE,QUEENS,4102020015,4617485,0,"",D,"",00,01,"","ADDRESS FOUND IN TPAD, NOT FOUND IN PAD",8,421541692,42154169208/07/2019 12:00:00 AM,2019-08-07,2017-10-26,08/17/2017
254,YORK AVENUE,STATEN IS,5000800014,5169986,0,"",3,"",00,01,"","TPAD BBL USED, PAD PSEUDO-ADDRESS ON DIFFERENT BBL THAN TPAD NB BIN",8,520301263,52030126312/21/2018 12:00:00 AM,2018-12-21,2018-01-24,08/31/2017
46,WEST   30 STREET,MANHATTAN,1008310062,1088874,0,"",2,"",00,01,"","TPAD BBL USED, NO EXISTING PAD BBL",*,121359494,12135949412/04/2013 12:00:00 AM,2013-05-01,2013-02-26,08/30/2012
250,BOWERY,MANHATTAN,1005070036,1088773,2,"",2,"",00,01,"","TPAD BBL USED, NO EXISTING PAD BBL",*,122390144,12239014401/26/2017 12:00:00 AM,2016-06-09,2015-11-13,04/28/2015
1526,DWIGHT PLACE,BRONX,2054110269,2127058,0,"",D,"",00,01,"","ADDRESS FOUND IN TPAD, NOT FOUND IN PAD",8,220451008,22045100812/06/2019 12:00:00 AM,2019-12-06,2016-03-18,04/13/2015
128,CUBA AVENUE,STATEN IS,5040400027,5166569,0,"",D,"",00,01,"","ADDRESS FOUND IN TPAD, NOT FOUND IN PAD",*,520138869,52013886903/05/2018 12:00:00 AM,2017-12-07,2017-01-19,01/14/2016
16,WANDEL AVENUE,STATEN IS,5006230100,5164965,0,"",D,"",00,01,"","ADDRESS FOUND IN TPAD, NOT FOUND IN PAD",8,520203011,52020301112/06/2018 12:00:00 AM,2018-12-06,2016-04-07,09/17/2015
10,WANDEL AVENUE,STATEN IS,5006230104,5164961,0,"",D,"",00,01,"","ADDRESS FOUND IN TPAD, NOT FOUND IN PAD",8,520203039,52020303912/05/2018 12:00:00 AM,2018-12-05,2016-03-23,09/16/2015
283,QUINTARD STREET,STATEN IS,5033950044,5164506,0,"",D,"",00,01,"","ADDRESS FOUND IN TPAD, NOT FOUND IN PAD",*,520214553,52021455306/26/2018 12:00:00 AM,2018-06-26,2016-06-01,12/26/2014
287G,MORELAND STREET,STATEN IS,5038200041,5165322,0,"",D,"",00,01,"","ADDRESS FOUND IN TPAD, NOT FOUND IN PAD",*,520266131,52026613110/17/2017 12:00:00 AM,2017-10-17,2016-06-30,03/07/2016
165,VANDERBILT AVENUE,STATEN IS,5005340061,5169148,0,"",D,"",00,01,"","ADDRESS FOUND IN TPAD, NOT FOUND IN PAD",*,520273908,52027390808/23/2017 12:00:00 AM,2018-04-19,2017-04-18,09/28/2016
26,ATLANTIC AVENUE,STATEN IS,5032930019,5170651,0,"",4,"",00,01,"","TPAD BBL USED,EXISTING PAD BIN OF INPUT ADDR ON DIFF BBL THAN TPAD NB BIN",8,520326647,52032664709/12/2019 12:00:00 AM,2019-09-12,2018-06-26,04/16/2018
251,ST JOHNS AVENUE,STATEN IS,5029830062,5153253,2,"",2,"",00,01,"","TPAD BBL USED, NO EXISTING PAD BBL",*,520066703,52006670310/18/2012 12:00:00 AM,2012-10-18,2011-06-08,05/16/2011
531 GARAGE,VANDERBILT AVENUE,STATEN IS,5006500001,5170279,0,"",D,"",00,01,"","ADDRESS FOUND IN TPAD, NOT FOUND IN PAD",8,520207696,52020769607/21/2019 12:00:00 AM,2019-07-21,2018-02-20,04/25/2017
263,ST JOHNS AVENUE,STATEN IS,5029830069,5153264,2,"",4,"",00,01,"","TPAD BBL USED,EXISTING PAD BIN OF INPUT ADDR ON DIFF BBL THAN TPAD NB BIN",8,520066721,52006672105/10/2012 12:00:00 AM,2012-05-10,2011-06-08,05/16/2011
46,BRITTON STREET,STATEN IS,5001780019,5170569,0,"",D,"",00,01,"","ADDRESS FOUND IN TPAD, NOT FOUND IN PAD",*,520333265,52033326507/18/2019 12:00:00 AM,2019-07-18,2018-06-27,04/10/2018
177,DETROIT AVENUE,STATEN IS,5062280075,5170170,0,"",D,"",00,01,"","ADDRESS FOUND IN TPAD, NOT FOUND IN PAD",8,520318932,52031893204/01/2019 12:00:00 AM,2019-04-01,2018-03-19,12/22/2017
251G,CAMBRIDGE AVENUE,STATEN IS,5015240022,5169799,0,"",D,"",00,01,"","ADDRESS FOUND IN TPAD, NOT FOUND IN PAD",8,520300193,52030019310/09/2018 12:00:00 AM,2018-10-09,2017-11-30,09/21/2017
1070,MYRTLE AVENUE,BROOKLYN,3015850033,3425562,0,"",2,"",00,01,"","TPAD BBL USED, NO EXISTING PAD BBL",*,320916844,32091684407/28/2017 12:00:00 AM,2018-03-06,2015-08-25,08/04/2014
6,VULCAN STREET,STATEN IS,5033970014,5169302,0,"",D,"",00,01,"","ADDRESS FOUND IN TPAD, NOT FOUND IN PAD",*,520309318,52030931802/06/2019 12:00:00 AM,2019-02-06,2017-11-28,09/14/2017
31,DEBEVOISE STREET,BROOKLYN,3031200010,3425873,0,"",2,"",00,01,"","TPAD BBL USED, NO EXISTING PAD BBL",*,321147629,32114762911/24/2017 12:00:00 AM,2018-10-18,2015-12-23,06/24/2015
315,HILLSIDE AVENUE,STATEN IS,5006470028,5170802,0,"",D,"",00,01,"","ADDRESS FOUND IN TPAD, NOT FOUND IN PAD",*,520350664,52035066403/07/2019 12:00:00 AM,2019-03-07,2018-08-21,07/11/2018
400,BRYSON AVENUE,STATEN IS,5004850043,5151935,0,"",4,"",00,01,"","TPAD BBL USED,EXISTING PAD BIN OF INPUT ADDR ON DIFF BBL THAN TPAD NB BIN",8,520036684,52003668405/12/2011 12:00:00 AM,2011-05-12,2010-07-09,05/13/2010
336,DAHILL ROAD,BROOKLYN,3053680014,3397190,2,"",2,"",00,01,"","TPAD BBL USED, NO EXISTING PAD BBL",*,302295120,30229512006/10/2013 12:00:00 AM,2013-06-10,2008-04-24,01/11/2007
41 GARAGE,RAMBLEWOOD AVENUE,STATEN IS,5052550063,5170368,0,"",D,"",00,01,"","ADDRESS FOUND IN TPAD, NOT FOUND IN PAD",*,520335879,52033587907/18/2019 12:00:00 AM,2019-07-18,2018-07-05,05/24/2018
546 GARAGE,MIDLAND AVENUE,STATEN IS,5038030029,5169078,0,"",D,"",00,01,"","ADDRESS FOUND IN TPAD, NOT FOUND IN PAD",8,520289688,52028968804/16/2018 12:00:00 AM,2018-04-16,2017-06-30,01/20/2017
137,SACKETT STREET,BROOKLYN,3003300048,3421389,0,"",2,"",00,01,"","TPAD BBL USED, NO EXISTING PAD BBL",*,321248235,32124823507/22/2019 12:00:00 AM,2019-07-22,2016-09-16,10/01/2015
26-05,28 STREET,QUEENS,4005960038,4541531,1,"",2,"",00,01,"","TPAD BBL USED, NO EXISTING PAD BBL",*,421698014,42169801407/03/2019 12:00:00 AM,2019-12-06,2019-01-23,11/08/2018
44,LEXINGTON AVENUE,BROOKLYN,3019690136,3421630,0,"",3,"",00,01,"","TPAD BBL USED, PAD PSEUDO-ADDRESS ON DIFFERENT BBL THAN TPAD NB BIN",8,321316722,32131672201/11/2019 12:00:00 AM,2019-09-24,2017-06-05,02/24/2016
2180,3 AVENUE,MANHATTAN,1017670039,1088302,2,"",2,"",00,01,"","TPAD BBL USED, NO EXISTING PAD BBL",*,120103967,12010396703/16/2012 12:00:00 AM,2011-06-15,2009-12-30,07/14/2009
165,WOOLLEY AVENUE,STATEN IS,5004190013,5159546,0,"",D,"",00,01,"","ADDRESS FOUND IN TPAD, NOT FOUND IN PAD",*,520191729,52019172910/01/2019 12:00:00 AM,2019-10-01,2016-06-21,05/23/2014
96,DEGRAW STREET,BROOKLYN,3003290022,3398141,0,"",2,"",00,01,"","TPAD BBL USED, NO EXISTING PAD BBL",*,320547645,32054764510/03/2019 12:00:00 AM,2019-04-11,2016-09-07,10/04/2012
4,HEMPSTEAD AVENUE,STATEN IS,5038010012,5151830,0,"",2,"",00,01,"","TPAD BBL USED, NO EXISTING PAD BBL",*,520259924,52025992406/05/2017 12:00:00 AM,2017-06-05,2016-06-09,05/12/2016
330,HYLAN BOULEVARD,STATEN IS,5029820022,5164907,0,"",D,"",00,01,"","ADDRESS FOUND IN TPAD, NOT FOUND IN PAD",8,520233792,52023379204/06/2018 12:00:00 AM,2018-04-06,2016-01-07,03/27/2015
1037,VANDUZER STREET,STATEN IS,5006500001,5165064,0,"",D,"",00,01,"","ADDRESS FOUND IN TPAD, NOT FOUND IN PAD",8,520207678,52020767807/15/2019 12:00:00 AM,2019-07-15,2017-12-08,03/30/2017
253,ST JOHNS AVENUE,STATEN IS,5029830063,5153254,1,"",2,"",00,01,"","TPAD BBL USED, NO EXISTING PAD BBL",*,520047324,52004732411/21/2012 12:00:00 AM,2012-11-21,2011-06-09,08/30/2010
81,FLEET PLACE,BROOKLYN,3020610001,3398228,1,"",2,"",00,01,"","TPAD BBL USED, NO EXISTING PAD BBL",*,320375116,32037511601/15/2016 12:00:00 AM,2015-09-01,2013-01-23,06/24/2012
1987,CLOVE ROAD,STATEN IS,5029170021,5168868,0,"",3,"",00,01,"","TPAD BBL USED, PAD PSEUDO-ADDRESS ON DIFFERENT BBL THAN TPAD NB BIN",8,520270279,52027027908/27/2018 12:00:00 AM,2018-08-27,2017-09-19,09/30/2016
145,RARITAN AVENUE,STATEN IS,5033150069,5171414,0,"",D,"",00,01,"","ADDRESS FOUND IN TPAD, NOT FOUND IN PAD",*,520330990,52033099012/20/2019 12:00:00 AM,2019-12-20,2019-03-01,12/27/2018
145 GARAGE,RARITAN AVENUE,STATEN IS,5033150069,5171415,0,"",D,"",00,01,"","ADDRESS FOUND IN TPAD, NOT FOUND IN PAD",*,520331016,52033101612/16/2019 12:00:00 AM,2019-12-16,2019-03-01,02/06/2019
40,SEAVIEW AVENUE,STATEN IS,5033060021,5170467,0,"",2,"",00,01,"","TPAD BBL USED, NO EXISTING PAD BBL",*,520330124,52033012405/23/2019 12:00:00 AM,2019-05-23,2018-08-14,04/11/2018
130,BARD AVENUE,STATEN IS,5001380108,5165168,0,"",D,"",00,01,"","ADDRESS FOUND IN TPAD, NOT FOUND IN PAD",8,520246699,52024669905/20/2019 12:00:00 AM,2019-05-20,2017-08-09,07/29/2015
36-07,20 AVENUE,QUEENS,4008260063,4566087,0,"",3,"",00,01,"","TPAD BBL USED, PAD PSEUDO-ADDRESS ON DIFFERENT BBL THAN TPAD NB BIN",8,410002982,41000298208/15/2013 12:00:00 AM,2013-08-15,2010-06-04,09/14/2007
95 GARAGE,FREMONT AVENUE,STATEN IS,5035920076,5170010,0,"",D,"",00,01,"","ADDRESS FOUND IN TPAD, NOT FOUND IN PAD",8,520299454,52029945404/04/2019 12:00:00 AM,2019-04-04,2017-05-03,08/17/2016
37-26,36 AVENUE,QUEENS,4003770023,4623118,0,"",2,"",00,01,"","TPAD BBL USED, NO EXISTING PAD BBL",*,420651672,42065167201/09/2018 12:00:00 AM,2018-01-22,2015-05-11,05/28/2014
181,DETROIT AVENUE,STATEN IS,5062280016,5170172,0,"",D,"",00,01,"","ADDRESS FOUND IN TPAD, NOT FOUND IN PAD",8,520322357,52032235704/01/2019 12:00:00 AM,2019-04-01,2018-03-19,12/22/2017
119-11,LONG STREET,QUEENS,4122450104,4607765,0,"",3,"",00,01,"","TPAD BBL USED, PAD PSEUDO-ADDRESS ON DIFFERENT BBL THAN TPAD NB BIN",8,421302977,42130297706/06/2019 12:00:00 AM,2019-06-06,2017-01-31,03/18/2016
114G,SINCLAIR AVENUE,STATEN IS,5062350036,5166723,0,"",D,"",00,01,"","ADDRESS FOUND IN TPAD, NOT FOUND IN PAD",8,520251771,52025177103/20/2017 12:00:00 AM,2017-03-20,2016-05-26,04/06/2016
71 GARAGE,HOLCOMB AVENUE,STATEN IS,5060140020,5170553,0,"",D,"",00,01,"","ADDRESS FOUND IN TPAD, NOT FOUND IN PAD",*,520327682,52032768210/15/2019 12:00:00 AM,2019-10-15,2018-11-14,04/13/2018
72 GARAGE,COLON STREET,STATEN IS,5065670029,5171003,0,"",D,"",00,01,"","ADDRESS FOUND IN TPAD, NOT FOUND IN PAD",8,520334969,52033496909/30/2019 12:00:00 AM,2019-09-30,2019-02-19,09/21/2018
123,GELDNER AVENUE,STATEN IS,5009440026,5166304,0,"",D,"",00,01,"","ADDRESS FOUND IN TPAD, NOT FOUND IN PAD",8,520236334,52023633401/23/2018 12:00:00 AM,2018-01-23,2016-03-17,10/15/2015
197 GARAGE,SHELDON AVENUE,STATEN IS,5062350056,5166721,0,"",3,"",00,01,"","TPAD BBL USED, PAD PSEUDO-ADDRESS ON DIFFERENT BBL THAN TPAD NB BIN",8,520251780,52025178005/26/2017 12:00:00 AM,2017-05-26,2016-07-14,04/06/2016
16,UNDERHILL AVENUE,BROOKLYN,3011220040,3425493,0,"",2,"",00,01,"","TPAD BBL USED, NO EXISTING PAD BBL",*,321455313,32145531308/08/2019 12:00:00 AM,2019-07-15,2017-05-04,09/23/2016
873,PACIFIC STREET,BROOKLYN,3011220058,3425403,0,"",2,"",00,01,"","TPAD BBL USED, NO EXISTING PAD BBL",*,321185980,32118598005/22/2019 12:00:00 AM,2018-12-20,2017-03-24,04/26/2016
1056 GARAGE,EDGEGROVE AVENUE,STATEN IS,5069140017,5166610,0,"",D,"",00,01,"","ADDRESS FOUND IN TPAD, NOT FOUND IN PAD",*,520258346,52025834605/17/2017 12:00:00 AM,2017-05-17,2016-08-30,02/23/2016
460H,BRIELLE AVENUE,STATEN IS,5009550110,5151746,0,"",2,"",00,01,"","TPAD BBL USED, NO EXISTING PAD BBL",*,520030449,52003044902/27/2013 12:00:00 AM,2013-02-14,2011-04-29,03/08/2010
414,PAGE AVENUE,STATEN IS,5077920248,5165142,0,"",D,"",00,01,"","ADDRESS FOUND IN TPAD, NOT FOUND IN PAD",8,520287056,52028705607/05/2019 12:00:00 AM,2019-07-05,2017-04-28,02/22/2017
6,HUNTER AVENUE,STATEN IS,5036540030,5164548,0,"",2,"",00,01,"","TPAD BBL USED, NO EXISTING PAD BBL",*,520191747,52019174711/30/2018 12:00:00 AM,2018-11-30,2015-05-19,04/09/2014
91,WOODLAND AVENUE,STATEN IS,5054420048,5165073,0,"",3,"",00,01,"","TPAD BBL USED, PAD PSEUDO-ADDRESS ON DIFFERENT BBL THAN TPAD NB BIN",8,520219479,52021947903/30/2017 12:00:00 AM,2017-03-30,2015-08-17,06/11/2015
118,BARD AVENUE,STATEN IS,5001380110,5165165,0,"",D,"",00,01,"","ADDRESS FOUND IN TPAD, NOT FOUND IN PAD",8,520246671,52024667105/14/2019 12:00:00 AM,2019-05-14,2017-08-03,07/29/2015
176,HATFIELD PLACE,STATEN IS,5010990042,5166026,0,"",D,"",00,01,"","ADDRESS FOUND IN TPAD, NOT FOUND IN PAD",8,520253635,52025363504/18/2017 12:00:00 AM,2017-04-18,2016-08-22,12/17/2015
67-19,ROOSEVELT AVENUE,QUEENS,4012230013,4587334,1,"",4,"",00,01,"","TPAD BBL USED,EXISTING PAD BIN OF INPUT ADDR ON DIFF BBL THAN TPAD NB BIN",8,420859510,42085951002/21/2017 12:00:00 AM,2017-02-21,2015-03-17,07/16/2013
265,ST JOHNS AVENUE,STATEN IS,5029830071,5153269,2,"",2,"",00,01,"","TPAD BBL USED, NO EXISTING PAD BBL",*,520047306,52004730606/20/2012 12:00:00 AM,2012-06-20,2011-06-09,08/30/2010
93,CODDINGTON AVENUE,STATEN IS,5042210025,5170522,0,"",D,"",00,01,"","ADDRESS FOUND IN TPAD, NOT FOUND IN PAD",8,520324006,52032400609/19/2019 12:00:00 AM,2019-09-19,2018-05-03,03/22/2018
435,SLEIGHT AVENUE,STATEN IS,5078670098,5170797,0,"",D,"",00,01,"","ADDRESS FOUND IN TPAD, NOT FOUND IN PAD",8,520328404,52032840407/18/2019 12:00:00 AM,2019-07-18,2018-10-03,08/03/2018
61 GARAGE,BACHE AVENUE,STATEN IS,5036350014,5170330,0,"",D,"",00,01,"","ADDRESS FOUND IN TPAD, NOT FOUND IN PAD",8,520328609,52032860906/07/2019 12:00:00 AM,2019-06-07,2018-08-13,06/22/2018
409 GARAGE,DAVIS AVENUE,STATEN IS,5001440070,5170290,0,"",D,"",00,01,"","ADDRESS FOUND IN TPAD, NOT FOUND IN PAD",*,520331613,52033161306/07/2019 12:00:00 AM,2019-06-07,2018-04-25,04/03/2018
50 GARAGE,BUFFINGTON AVENUE,STATEN IS,5063200003,5170728,0,"",D,"",00,01,"","ADDRESS FOUND IN TPAD, NOT FOUND IN PAD",*,520331917,52033191701/31/2019 12:00:00 AM,2019-01-31,2018-09-14,05/10/2018
32,COUGHLAN AVENUE,STATEN IS,5003040022,5171078,0,"",D,"",00,01,"","ADDRESS FOUND IN TPAD, NOT FOUND IN PAD",8,520337252,52033725208/08/2019 12:00:00 AM,2019-08-08,2018-11-08,08/30/2018
36 GARAGE,GUYON AVENUE,STATEN IS,5046550014,5170947,0,"",D,"",00,01,"","ADDRESS FOUND IN TPAD, NOT FOUND IN PAD",8,520353563,52035356307/01/2019 12:00:00 AM,2019-07-01,2018-11-14,10/11/2018
454,PAGE AVENUE,STATEN IS,5077920217,5165148,0,"",D,"",00,01,"","ADDRESS FOUND IN TPAD, NOT FOUND IN PAD",8,520287118,52028711810/05/2018 12:00:00 AM,2018-10-05,2018-01-26,02/22/2017
47 GARAGE,SIDEVIEW AVENUE,STATEN IS,5022300015,5169343,0,"",D,"",00,01,"","ADDRESS FOUND IN TPAD, NOT FOUND IN PAD",*,520273178,52027317803/15/2019 12:00:00 AM,2019-03-15,2018-02-06,05/26/2017
120,ARLINGTON AVENUE,STATEN IS,5012640165,5169811,0,"",D,"",00,01,"","ADDRESS FOUND IN TPAD, NOT FOUND IN PAD",*,520318781,52031878106/27/2019 12:00:00 AM,2019-06-27,2018-08-27,12/20/2017
3153,RICHMOND TERRACE,STATEN IS,5012030015,5162142,0,"",2,"",00,01,"","TPAD BBL USED, NO EXISTING PAD BBL",*,520180508,52018050812/08/2017 12:00:00 AM,2017-02-23,2015-12-22,12/12/2013
85,GRANDVIEW AVENUE,STATEN IS,5012530001,5170540,0,"",D,"",00,01,"","ADDRESS FOUND IN TPAD, NOT FOUND IN PAD",*,520328066,52032806603/20/2019 12:00:00 AM,2019-03-20,2018-06-28,05/11/2018
83,GRANDVIEW AVENUE,STATEN IS,5012530003,5170541,0,"",D,"",00,01,"","ADDRESS FOUND IN TPAD, NOT FOUND IN PAD",*,520328075,52032807502/12/2019 12:00:00 AM,2019-02-12,2018-06-21,05/11/2018
2526,NEPTUNE AVENUE,BROOKLYN,3070130001,3426701,0,"",D,"",00,01,"","ADDRESS FOUND IN TPAD, NOT FOUND IN PAD",*,321666283,32166628303/19/2019 12:00:00 AM,2019-01-30,2018-04-06,12/19/2017
293 GARAGE,CROMWELL AVENUE,STATEN IS,5033400104,5169328,0,"",D,"",00,01,"","ADDRESS FOUND IN TPAD, NOT FOUND IN PAD",8,520287868,52028786811/08/2018 12:00:00 AM,2018-11-08,2017-06-30,03/13/2017
3514,SURF AVENUE,BROOKLYN,3070650020,3426816,0,"",D,"",00,01,"","ADDRESS FOUND IN TPAD, NOT FOUND IN PAD",*,321189842,32118984205/31/2019 12:00:00 AM,2019-11-14,2017-08-23,12/29/2016
528,ODER AVENUE,STATEN IS,5031690111,5164871,0,"",2,"",00,01,"","TPAD BBL USED, NO EXISTING PAD BBL",*,520265472,52026547201/19/2017 12:00:00 AM,2017-01-19,2016-04-04,02/11/2016
33-10,98 STREET,QUEENS,4017120009,4538657,0,"",2,"",00,01,"","TPAD BBL USED, NO EXISTING PAD BBL",*,420289645,42028964508/22/2014 12:00:00 AM,2014-08-22,2011-08-31,11/22/2010
531,WEST  159 STREET,MANHATTAN,1021180052,1089737,0,"",2,"",00,01,"","TPAD BBL USED, NO EXISTING PAD BBL",*,122433544,12243354407/28/2017 12:00:00 AM,2018-04-20,2015-11-06,06/15/2015
104-38 GAR,39 AVENUE,QUEENS,4017760012,4610433,0,"",D,"",00,01,"","ADDRESS FOUND IN TPAD, NOT FOUND IN PAD",*,401516178,40151617807/14/2016 12:00:00 AM,2016-07-14,2003-03-20,08/22/2002
900A,EAST  132 STREET,BRONX,2025830030,2128362,0,"",D,"",00,01,"","ADDRESS FOUND IN TPAD, NOT FOUND IN PAD",*,220368590,22036859001/30/2017 12:00:00 AM,2016-07-25,2015-03-23,04/08/2014
386,EAST  195 STREET,BRONX,2032770025,2116952,1,"",2,"",00,01,"","TPAD BBL USED, NO EXISTING PAD BBL",*,220420541,22042054110/27/2017 12:00:00 AM,2019-06-06,2016-08-12,12/23/2014
3211,PARKSIDE PLACE,BRONX,2033540041,2128259,0,"",2,"",00,01,"","TPAD BBL USED, NO EXISTING PAD BBL",*,220152439,22015243904/02/2018 12:00:00 AM,2019-03-15,2017-01-06,09/26/2016
94,LEFFERTS PLACE,BROOKLYN,3020190025,3398338,1,"",2,"",00,01,"","TPAD BBL USED, NO EXISTING PAD BBL",*,320522724,32052272404/18/2017 12:00:00 AM,2017-03-03,2013-11-29,09/25/2012
332,ST MARKS AVENUE,BROOKLYN,3011530022,3421438,0,"",2,"",00,01,"","TPAD BBL USED, NO EXISTING PAD BBL",*,320592685,32059268501/30/2017 12:00:00 AM,2016-10-28,2014-08-04,11/18/2013
49-03,69 STREET,QUEENS,4024350009,4538523,1,"",2,"",00,01,"","TPAD BBL USED, NO EXISTING PAD BBL",*,421203361,42120336103/25/2016 12:00:00 AM,2016-03-25,2016-01-27,09/18/2015
49-03,69 STREET,QUEENS,4024350009,4538523,1,"",2,"",00,01,"","TPAD BBL USED, NO EXISTING PAD BBL",*,420601735,42060173507/30/2015 12:00:00 AM,2015-07-29,2013-07-08,08/03/2012
1738A,PACIFIC STREET,BROOKLYN,3013420041,3424202,0,"",4,"",00,01,"","TPAD BBL USED,EXISTING PAD BIN OF INPUT ADDR ON DIFF BBL THAN TPAD NB BIN",8,321012685,32101268503/28/2017 12:00:00 AM,2017-03-28,2015-06-09,10/07/2014
139,SACKETT STREET,BROOKLYN,3003300047,3421388,0,"",2,"",00,01,"","TPAD BBL USED, NO EXISTING PAD BBL",*,321282982,32128298204/02/2019 12:00:00 AM,2019-06-11,2016-06-23,12/09/2015
23 GARAGE,HOWE STREET,STATEN IS,5003020011,5169466,0,"",D,"",00,01,"","ADDRESS FOUND IN TPAD, NOT FOUND IN PAD",*,520288910,52028891012/04/2018 12:00:00 AM,2018-12-04,2017-10-26,08/30/2017
341 GARAGE,ASHLAND AVENUE,STATEN IS,5069060049,5170412,0,"",D,"",00,01,"","ADDRESS FOUND IN TPAD, NOT FOUND IN PAD",*,520324051,52032405112/13/2018 12:00:00 AM,2018-12-13,2018-04-11,02/15/2018
67 GARAGE,BACHE AVENUE,STATEN IS,5036350011,5171009,0,"",D,"",00,01,"","ADDRESS FOUND IN TPAD, NOT FOUND IN PAD",8,520328645,52032864508/16/2019 12:00:00 AM,2019-08-16,2018-08-13,06/22/2018
405,DAVIS AVENUE,STATEN IS,5001440071,5170291,0,"",D,"",00,01,"","ADDRESS FOUND IN TPAD, NOT FOUND IN PAD",*,520330071,52033007106/06/2019 12:00:00 AM,2019-06-06,2018-05-14,03/22/2018
183-02A,BOOTH MEMORIAL AVENUE,QUEENS,4070670128,4595512,0,"",3,"",00,01,"","TPAD BBL USED, PAD PSEUDO-ADDRESS ON DIFFERENT BBL THAN TPAD NB BIN",8,420991573,42099157307/31/2015 12:00:00 AM,2015-07-31,2014-08-08,07/09/2014
58-07B,183 STREET,QUEENS,4070670124,4595509,0,"",3,"",00,01,"","TPAD BBL USED, PAD PSEUDO-ADDRESS ON DIFFERENT BBL THAN TPAD NB BIN",8,420991430,42099143007/23/2015 12:00:00 AM,2015-07-23,2014-08-06,07/09/2014
11,MADISON AVENUE,MANHATTAN,1008547501,"","","",8,"",00,01,"","PAD BBL USED, TPAD NB BIN WITH NB-0 ON DIFFERENT BBL THAN PAD BIN",*,122047123,12204712311/09/2017 12:00:00 AM,2016-07-27,2014-08-28,06/26/2014
1643,NEW YORK AVENUE,BROOKLYN,3075610017,3425784,0,"",4,"",00,01,"","TPAD BBL USED,EXISTING PAD BIN OF INPUT ADDR ON DIFF BBL THAN TPAD NB BIN",8,321786144,32178614411/29/2019 12:00:00 AM,2019-11-29,2018-09-19,03/20/2018
458,EAST   29 STREET,BROOKLYN,3052150153,3413939,0,"",3,"",00,01,"","TPAD BBL USED, PAD PSEUDO-ADDRESS ON DIFFERENT BBL THAN TPAD NB BIN",8,320595174,32059517411/01/2017 12:00:00 AM,2017-06-16,2014-11-17,03/04/2014
3-11,ENDEAVOR PLACE,QUEENS,4039167505,"","","",8,"",00,01,"","PAD BBL USED, TPAD NB BIN WITH NB-0 ON DIFFERENT BBL THAN PAD BIN",*,410117751,41011775107/02/2012 12:00:00 AM,2010-11-30,2008-09-10,05/30/2008
933,EUCLID AVENUE,BROOKLYN,3045270034,3422398,0,"",D,"",00,01,"","ADDRESS FOUND IN TPAD, NOT FOUND IN PAD",*,320916363,32091636305/30/2018 12:00:00 AM,2018-05-30,2017-02-07,07/23/2014
834,PINE STREET,BROOKLYN,3045270013,3404498,1,"",4,"",00,01,"","TPAD BBL USED,EXISTING PAD BIN OF INPUT ADDR ON DIFF BBL THAN TPAD NB BIN",8,320591935,32059193508/11/2016 12:00:00 AM,2016-03-31,2014-04-10,07/17/2013
151-58,18 AVENUE,QUEENS,4047050051,4538202,2,"",4,"",00,01,"","TPAD BBL USED,EXISTING PAD BIN OF INPUT ADDR ON DIFF BBL THAN TPAD NB BIN",8,420187782,42018778209/07/2011 12:00:00 AM,2011-09-07,2010-09-09,05/12/2010
183-38,BOOTH MEMORIAL AVENUE,QUEENS,4070670154,4542851,0,"",2,"",00,01,"","TPAD BBL USED, NO EXISTING PAD BBL",*,420991617,42099161705/12/2016 12:00:00 AM,2016-05-12,2014-08-08,07/09/2014
58-21A,183 STREET,QUEENS,4070670015,4595498,0,"",3,"",00,01,"","TPAD BBL USED, PAD PSEUDO-ADDRESS ON DIFFERENT BBL THAN TPAD NB BIN",8,420991519,42099151907/27/2015 12:00:00 AM,2015-07-27,2014-08-08,07/09/2014
183-02B,BOOTH MEMORIAL AVENUE,QUEENS,4070670129,4595513,0,"",3,"",00,01,"","TPAD BBL USED, PAD PSEUDO-ADDRESS ON DIFFERENT BBL THAN TPAD NB BIN",8,420991564,42099156407/31/2015 12:00:00 AM,2015-07-31,2014-08-08,07/09/2014
183-02D,BOOTH MEMORIAL AVENUE,QUEENS,4070670131,4595515,0,"",3,"",00,01,"","TPAD BBL USED, PAD PSEUDO-ADDRESS ON DIFFERENT BBL THAN TPAD NB BIN",8,420991644,42099164407/29/2015 12:00:00 AM,2015-07-29,2014-08-08,07/09/2014
206-37 GAR,45 DRIVE,QUEENS,4073060071,4618196,0,"",2,"",00,01,"","TPAD BBL USED, NO EXISTING PAD BBL",*,421327433,42132743307/30/2018 12:00:00 AM,2018-07-30,2016-12-16,07/11/2016
925,EUCLID AVENUE,BROOKLYN,3045270039,3414129,0,"",2,"",00,01,"","TPAD BBL USED, NO EXISTING PAD BBL",*,320916336,32091633606/06/2018 12:00:00 AM,2018-06-06,2016-12-08,07/23/2014
437,HERKIMER STREET,BROOKLYN,3018640041,3398146,1,"",2,"",00,01,"","TPAD BBL USED, NO EXISTING PAD BBL",*,320482385,32048238505/10/2016 12:00:00 AM,2015-08-25,2012-08-31,05/23/2012
3-10,ENDEAVOR PLACE,QUEENS,4039160119,4539932,0,"",2,"",00,01,"","TPAD BBL USED, NO EXISTING PAD BBL",*,420044455,42004445505/01/2012 12:00:00 AM,2011-05-13,2010-06-11,06/30/2009
3-11,WEATHERLY PLACE,QUEENS,4039167505,4541596,0,"",2,"",00,01,"","TPAD BBL USED, NO EXISTING PAD BBL",*,420044473,42004447304/26/2012 12:00:00 AM,2012-04-26,2010-06-30,06/30/2009
123-21,LAX AVENUE,QUEENS,4039160125,4541598,2,"",2,"",00,01,"","TPAD BBL USED, NO EXISTING PAD BBL",*,420044730,42004473009/30/2013 12:00:00 AM,2012-12-06,2010-06-30,06/30/2009
511,NINTH AVENUE,MANHATTAN,1007367501,"","","",8,"",00,01,"","PAD BBL USED, TPAD NB BIN WITH NB-0 ON DIFFERENT BBL THAN PAD BIN",8,104576246,10457624604/16/2018 12:00:00 AM,2014-02-21,2008-02-26,10/05/2006
17,CONVENT AVENUE,MANHATTAN,1019540063,1089290,1,"",2,"",00,01,"","TPAD BBL USED, NO EXISTING PAD BBL",*,121192985,12119298502/22/2019 12:00:00 AM,2019-06-04,2015-11-25,03/31/2015
779,MELROSE AVENUE,BRONX,2024040018,2117806,0,"",2,"",00,01,"","TPAD BBL USED, NO EXISTING PAD BBL",*,201116808,20111680803/17/2016 12:00:00 AM,2010-04-01,2008-04-11,04/04/2007
296,ZEREGA AVENUE,BRONX,2034870029,2119431,2,"",2,"",00,01,"","TPAD BBL USED, NO EXISTING PAD BBL",*,200740751,20074075107/17/2012 12:00:00 AM,2012-05-29,2002-07-15,07/01/2002
2416,BOUCK AVENUE,BRONX,2044650011,2127055,0,"",3,"",00,01,"","TPAD BBL USED, PAD PSEUDO-ADDRESS ON DIFFERENT BBL THAN TPAD NB BIN",8,220457770,22045777008/17/2018 12:00:00 AM,2018-08-17,2015-05-29,05/15/2015
817,EAST  218 STREET,BRONX,2046770130,2127112,0,"",D,"",00,01,"","ADDRESS FOUND IN TPAD, NOT FOUND IN PAD",8,220421498,22042149806/28/2019 12:00:00 AM,2018-02-20,2016-04-13,05/12/2015
4222,HILL AVENUE,BRONX,2050300036,2127107,0,"",3,"",00,01,"","TPAD BBL USED, PAD PSEUDO-ADDRESS ON DIFFERENT BBL THAN TPAD NB BIN",8,220416743,22041674310/30/2017 12:00:00 AM,2017-10-30,2015-12-04,05/05/2015
346,BAYCHESTER AVENUE,BRONX,2051410032,2128646,0,"",D,"",00,01,"","ADDRESS FOUND IN TPAD, NOT FOUND IN PAD",8,220587327,22058732707/11/2018 12:00:00 AM,2018-07-18,2017-07-07,06/02/2017
775,BRUSH AVENUE,BRONX,2055600060,2126141,0,"",4,"",00,01,"","TPAD BBL USED,EXISTING PAD BIN OF INPUT ADDR ON DIFF BBL THAN TPAD NB BIN",8,200838807,20083880701/30/2015 12:00:00 AM,2014-12-17,2004-09-17,09/15/2004
720,57 STREET,BROOKLYN,3008507502,"","","",8,"",00,01,"","PAD BBL USED, TPAD NB BIN WITH NB-0 ON DIFFERENT BBL THAN PAD BIN",*,302365722,30236572202/07/2011 12:00:00 AM,2011-01-18,2008-06-25,07/02/2007
261,1 STREET,BROOKLYN,3009640068,3413512,0,"",2,"",00,01,"","TPAD BBL USED, NO EXISTING PAD BBL",*,320513903,32051390308/01/2016 12:00:00 AM,2016-06-07,2013-10-18,12/27/2012
476,HANCOCK STREET,BROOKLYN,3016590030,3397128,0,"",2,"",00,01,"","TPAD BBL USED, NO EXISTING PAD BBL",*,320184322,32018432212/06/2017 12:00:00 AM,2017-12-06,2011-02-15,07/08/2010
755,BEDFORD AVENUE,BROOKLYN,3018860044,3426852,0,"",4,"",00,01,"","TPAD BBL USED,EXISTING PAD BIN OF INPUT ADDR ON DIFF BBL THAN TPAD NB BIN",8,310084574,31008457411/18/2019 12:00:00 AM,2019-11-18,2008-05-30,01/29/2008
175,FRANKLIN AVENUE,BROOKLYN,3019137513,"","","",A,"",00,01,"","PAD BBL USED, TPAD NB BIN WITH NB-2 ON DIFFERENT BBL THAN PAD BIN",*,301297406,30129740607/30/2013 12:00:00 AM,2013-07-30,2003-01-08,02/12/2002
141,SKILLMAN STREET,BROOKLYN,3019140017,3397508,0,"",2,"",00,01,"","TPAD BBL USED, NO EXISTING PAD BBL",*,320259714,32025971401/13/2014 12:00:00 AM,2014-01-13,2011-07-27,01/12/2011
40,LEXINGTON AVENUE,BROOKLYN,3019690035,3421628,0,"",2,"",00,01,"","TPAD BBL USED, NO EXISTING PAD BBL",*,321316731,32131673101/11/2019 12:00:00 AM,2019-09-24,2017-06-05,02/24/2016
212,SOUTH OXFORD STREET,BROOKLYN,3020040001,3397189,0,"",2,"",00,01,"","TPAD BBL USED, NO EXISTING PAD BBL",*,302045506,30204550610/03/2011 12:00:00 AM,2011-02-22,2007-06-22,11/30/2005
171,SOUTH PORTLAND AVENUE,BROOKLYN,3020047503,"","","",8,"",00,01,"","PAD BBL USED, TPAD NB BIN WITH NB-0 ON DIFFERENT BBL THAN PAD BIN",*,320890942,32089094202/14/2019 12:00:00 AM,2017-12-07,2015-11-12,01/30/2014
7,CLERMONT AVENUE,BROOKLYN,3020330003,3397509,0,"",2,"",00,01,"","TPAD BBL USED, NO EXISTING PAD BBL",*,320209350,32020935002/04/2013 12:00:00 AM,2012-10-31,2010-12-21,09/03/2010
258,NORTH    9 STREET,BROOKLYN,3023147502,"","","",8,"",00,01,"","PAD BBL USED, TPAD NB BIN WITH NB-0 ON DIFFERENT BBL THAN PAD BIN",*,320355003,32035500306/15/2018 12:00:00 AM,2017-06-29,2012-05-25,09/12/2011
282,SOUTH    5 STREET,BROOKLYN,3024600018,3398482,0,"",2,"",00,01,"","TPAD BBL USED, NO EXISTING PAD BBL",*,320377454,32037745412/30/2016 12:00:00 AM,2016-10-21,2013-10-29,10/25/2012
180,JACKSON STREET,BROOKLYN,3027507502,"","","",8,"",00,01,"","PAD BBL USED, TPAD NB BIN WITH NB-0 ON DIFFERENT BBL THAN PAD BIN",*,320623900,32062390009/21/2018 12:00:00 AM,2018-12-07,2016-08-24,03/13/2015
89,MONTROSE AVENUE,BROOKLYN,3030510033,3419235,0,"",2,"",00,01,"","TPAD BBL USED, NO EXISTING PAD BBL",*,320625953,32062595305/04/2018 12:00:00 AM,2018-05-04,2016-08-25,06/29/2015
218A,MONTROSE AVENUE,BROOKLYN,3030630111,3414256,0,"",4,"",00,01,"","TPAD BBL USED,EXISTING PAD BIN OF INPUT ADDR ON DIFF BBL THAN TPAD NB BIN",8,320937670,32093767009/04/2019 12:00:00 AM,2019-09-04,2015-12-04,08/07/2014
686,BUSHWICK AVENUE,BROOKLYN,3032040023,3397099,1,"",2,"",00,01,"","TPAD BBL USED, NO EXISTING PAD BBL",*,320267858,32026785811/24/2014 12:00:00 AM,2014-11-24,2011-06-24,02/01/2011
782,HART STREET,BROOKLYN,3032350020,3398140,0,"",2,"",00,01,"","TPAD BBL USED, NO EXISTING PAD BBL",*,320404077,32040407701/09/2014 12:00:00 AM,2014-01-09,2012-07-19,12/02/2011
527,KNICKERBOCKER AVENUE,BROOKLYN,3033260007,3418442,0,"",2,"",00,01,"","TPAD BBL USED, NO EXISTING PAD BBL",*,321106762,32110676203/26/2018 12:00:00 AM,2018-03-26,2016-01-26,04/01/2015
58,BELMONT AVENUE,BROOKLYN,3035260217,3397122,0,"",2,"",00,01,"","TPAD BBL USED, NO EXISTING PAD BBL",*,320528540,32052854008/20/2014 12:00:00 AM,2014-08-20,2012-10-03,07/19/2012
58,BELMONT AVENUE,BROOKLYN,3035260217,3397122,0,"",2,"",00,01,"","TPAD BBL USED, NO EXISTING PAD BBL",*,320130336,32013033604/30/2012 12:00:00 AM,2012-04-30,2010-09-21,02/22/2010
114,AUTUMN AVENUE,BROOKLYN,3041070104,3397949,0,"",4,"",00,01,"","TPAD BBL USED,EXISTING PAD BIN OF INPUT ADDR ON DIFF BBL THAN TPAD NB BIN",8,310294534,31029453401/04/2013 12:00:00 AM,2013-01-04,2010-09-01,02/06/2009
3910,CHURCH AVENUE,BROOKLYN,3048930001,3397903,0,"",3,"",00,01,"","TPAD BBL USED, PAD PSEUDO-ADDRESS ON DIFFERENT BBL THAN TPAD NB BIN",8,320317126,32031712606/14/2012 12:00:00 AM,2012-06-14,2011-08-11,06/06/2011
456,EAST   29 STREET,BROOKLYN,3052150053,3413937,0,"",3,"",00,01,"","TPAD BBL USED, PAD PSEUDO-ADDRESS ON DIFFERENT BBL THAN TPAD NB BIN",8,320595156,32059515611/01/2017 12:00:00 AM,2017-06-12,2014-09-12,03/03/2014
1633,42 STREET,BROOKLYN,3053810073,3418398,0,"",2,"",00,01,"","TPAD BBL USED, NO EXISTING PAD BBL",*,320610914,32061091412/14/2016 12:00:00 AM,2016-12-14,2014-02-11,08/21/2012
845,SETON PLACE,BROOKLYN,3054200008,3398554,1,"",2,"",00,01,"","TPAD BBL USED, NO EXISTING PAD BBL",*,320377695,32037769501/10/2018 12:00:00 AM,2017-12-21,2015-12-16,12/19/2012
1634,57 STREET,BROOKLYN,3054970019,3413701,0,"",2,"",00,01,"","TPAD BBL USED, NO EXISTING PAD BBL",*,320729510,32072951008/30/2017 12:00:00 AM,2017-08-30,2013-12-17,06/05/2013
1154,59 STREET,BROOKLYN,3057100023,3398139,0,"",2,"",00,01,"","TPAD BBL USED, NO EXISTING PAD BBL",*,320407181,32040718102/19/2014 12:00:00 AM,2014-02-19,2012-05-17,12/02/2011
938,83 STREET,BROOKLYN,3060210026,3404184,1,"",2,"",00,01,"","TPAD BBL USED, NO EXISTING PAD BBL",*,320868110,32086811004/10/2015 12:00:00 AM,2015-04-10,2014-05-13,12/19/2013
226,BAY   13 STREET,BROOKLYN,3064300065,3424476,0,"",D,"",00,01,"","ADDRESS FOUND IN TPAD, NOT FOUND IN PAD",*,321553546,32155354603/05/2019 12:00:00 AM,2019-03-05,2018-01-05,04/05/2017
622,FOSTER AVENUE,BROOKLYN,3064947501,"","","",8,"",00,01,"","PAD BBL USED, TPAD NB BIN WITH NB-0 ON DIFFERENT BBL THAN PAD BIN",*,320549536,32054953609/04/2013 12:00:00 AM,2013-09-04,2013-01-09,08/28/2012
401,95 STREET,BROOKLYN,3061180001,3397942,0,"",2,"",00,01,"","TPAD BBL USED, NO EXISTING PAD BBL",*,320915854,32091585401/15/2019 12:00:00 AM,2019-01-15,2015-06-11,05/07/2014
929,EUCLID AVENUE,BROOKLYN,3045270035,3422399,0,"",D,"",00,01,"","ADDRESS FOUND IN TPAD, NOT FOUND IN PAD",*,320916354,32091635405/30/2018 12:00:00 AM,2018-05-30,2017-02-08,07/23/2014
33,BAY   41 STREET,BROOKLYN,3068690029,3413709,0,"",2,"",00,01,"","TPAD BBL USED, NO EXISTING PAD BBL",*,320592195,32059219503/08/2018 12:00:00 AM,2018-03-08,2015-04-15,10/31/2013
452,EAST   29 STREET,BROOKLYN,3052150050,3413935,0,"",3,"",00,01,"","TPAD BBL USED, PAD PSEUDO-ADDRESS ON DIFFERENT BBL THAN TPAD NB BIN",8,320595227,32059522711/01/2017 12:00:00 AM,2017-05-16,2014-10-07,03/04/2014
142-37,ROCKAWAY BOULEVARD,QUEENS,4102390081,4607782,0,"",2,"",00,01,"","TPAD BBL USED, NO EXISTING PAD BBL",*,421313484,42131348410/05/2018 12:00:00 AM,2018-10-05,2016-09-14,04/13/2016
2570,FLATBUSH AVENUE,BROOKLYN,3085900031,3423979,0,"",D,"",00,01,"","ADDRESS FOUND IN TPAD, NOT FOUND IN PAD",*,321437487,32143748701/31/2019 12:00:00 AM,2019-10-25,2018-03-13,10/11/2016
3055,WEST   10 STREET,BROOKLYN,3086970004,3423906,0,"",D,"",00,01,"","ADDRESS FOUND IN TPAD, NOT FOUND IN PAD",8,321446182,32144618201/30/2018 12:00:00 AM,2018-01-30,2017-03-30,09/02/2016
65,WEST END AVENUE,BROOKLYN,3087260060,3418204,0,"",2,"",00,01,"","TPAD BBL USED, NO EXISTING PAD BBL",*,321010534,32101053402/14/2018 12:00:00 AM,2017-09-07,2015-06-04,11/12/2014
153,COLERIDGE STREET,BROOKLYN,3087530023,3421403,0,"",2,"",00,01,"","TPAD BBL USED, NO EXISTING PAD BBL",*,321197557,32119755704/09/2018 12:00:00 AM,2018-04-09,2016-09-09,01/20/2016
11-25,45 AVENUE,QUEENS,4000520012,4539479,2,"",2,"",00,01,"","TPAD BBL USED, NO EXISTING PAD BBL",*,402521455,40252145511/05/2012 12:00:00 AM,2012-09-11,2008-06-20,01/08/2007
40-25,72 STREET,QUEENS,4013040018,4593908,0,"",2,"",00,01,"","TPAD BBL USED, NO EXISTING PAD BBL",*,402601911,40260191104/18/2012 12:00:00 AM,2012-04-18,2008-02-11,05/29/2007
40-40,75 STREET,QUEENS,4014857501,"","","",8,"",00,01,"","PAD BBL USED, TPAD NB BIN WITH NB-0 ON DIFFERENT BBL THAN PAD BIN",*,421050837,42105083710/09/2015 12:00:00 AM,2015-06-05,2015-02-17,11/07/2014
40-40,75 STREET,QUEENS,4014857501,"","","",8,"",00,01,"","PAD BBL USED, TPAD NB BIN WITH NB-0 ON DIFFERENT BBL THAN PAD BIN",*,410049585,41004958508/09/2010 12:00:00 AM,2010-04-19,2008-03-07,01/04/2008
101-12,43 AVENUE,QUEENS,4016190014,4619569,0,"",D,"",00,01,"","ADDRESS FOUND IN TPAD, NOT FOUND IN PAD",8,421345930,42134593010/04/2019 12:00:00 AM,2019-10-04,2018-03-29,07/08/2016
27-38,ERICSSON STREET,QUEENS,4016220024,4539370,2,"",4,"",00,01,"","TPAD BBL USED,EXISTING PAD BIN OF INPUT ADDR ON DIFF BBL THAN TPAD NB BIN",8,420303317,42030331709/30/2011 12:00:00 AM,2011-09-30,2011-04-08,01/07/2011
27-38,ERICSSON STREET,QUEENS,4016220024,4539370,2,"",4,"",00,01,"","TPAD BBL USED,EXISTING PAD BIN OF INPUT ADDR ON DIFF BBL THAN TPAD NB BIN",8,420302158,42030215810/03/2011 12:00:00 AM,2011-10-03,2011-04-08,01/04/2011
35-59,99 STREET,QUEENS,4017400035,4595601,0,"",2,"",00,01,"","TPAD BBL USED, NO EXISTING PAD BBL",*,420971648,42097164810/30/2017 12:00:00 AM,2017-09-15,2015-03-17,04/29/2014
112-46,38 AVENUE,QUEENS,4017850021,4615303,0,"",D,"",00,01,"","ADDRESS FOUND IN TPAD, NOT FOUND IN PAD",*,421062539,42106253902/10/2017 12:00:00 AM,2017-02-10,2015-12-09,01/08/2015
95-11,50 AVENUE,QUEENS,4018780004,4595524,0,"",D,"",00,01,"","ADDRESS FOUND IN TPAD, NOT FOUND IN PAD",*,420945240,42094524009/24/2018 12:00:00 AM,2018-09-24,2017-04-03,03/25/2014
102-26,ROOSEVELT AVENUE,QUEENS,4019740002,4596242,0,"",D,"",00,01,"","ADDRESS FOUND IN TPAD, NOT FOUND IN PAD",*,402527299,40252729911/06/2014 12:00:00 AM,2014-11-06,,01/18/2007
65-19,110 STREET,QUEENS,4021860131,4607538,0,"",3,"",00,01,"","TPAD BBL USED, PAD PSEUDO-ADDRESS ON DIFFERENT BBL THAN TPAD NB BIN",8,421392754,42139275402/08/2019 12:00:00 AM,2019-02-08,2017-06-30,01/12/2017
64-51,BORDEN AVENUE,QUEENS,4023790048,4540409,0,"",D,"",00,01,"","ADDRESS FOUND IN TPAD, NOT FOUND IN PAD",*,420490310,42049031006/07/2013 12:00:00 AM,2013-06-07,2012-01-03,10/06/2011
64-51,BORDEN AVENUE,QUEENS,4023790048,4540409,0,"",D,"",00,01,"","ADDRESS FOUND IN TPAD, NOT FOUND IN PAD",*,420491211,42049121106/05/2013 12:00:00 AM,2013-06-05,2012-01-09,10/11/2011
462,PAGE AVENUE,STATEN IS,5077920215,5165149,0,"",2,"",00,01,"","TPAD BBL USED, NO EXISTING PAD BBL",*,520287127,52028712711/30/2018 12:00:00 AM,2018-11-30,2017-11-20,02/22/2017
64-75,AUSTIN STREET,QUEENS,4030980023,4542847,1,"",2,"",00,01,"","TPAD BBL USED, NO EXISTING PAD BBL",*,420812375,42081237506/12/2015 12:00:00 AM,2015-06-12,2013-08-16,02/13/2013
3-27,ENDEAVOR PLACE,QUEENS,4039167505,"","","",8,"",00,01,"","PAD BBL USED, TPAD NB BIN WITH NB-0 ON DIFFERENT BBL THAN PAD BIN",*,410114852,41011485204/30/2012 12:00:00 AM,2010-05-06,2008-09-10,05/23/2008
3-24,ENDEAVOR PLACE,QUEENS,4039167505,"","","",8,"",00,01,"","PAD BBL USED, TPAD NB BIN WITH NB-0 ON DIFFERENT BBL THAN PAD BIN",*,410072077,41007207707/16/2012 12:00:00 AM,2010-05-06,2008-03-28,02/29/2008
123-10,POWELLS COVE BOULEVARD,QUEENS,4039167505,4541595,2,"",2,"",00,01,"","TPAD BBL USED, NO EXISTING PAD BBL",*,420043107,42004310710/17/2013 12:00:00 AM,2012-09-17,2010-06-30,06/29/2009
133-05,20 AVENUE,QUEENS,4041380001,4607514,0,"",D,"",00,01,"","ADDRESS FOUND IN TPAD, NOT FOUND IN PAD",*,421032821,42103282110/25/2019 12:00:00 AM,2019-12-06,2017-10-06,09/24/2014
22-30,COLLEGE POINT BOULEVARD,QUEENS,4041970033,4595430,0,"",2,"",00,01,"","TPAD BBL USED, NO EXISTING PAD BBL",*,421020077,42102007707/09/2018 12:00:00 AM,2019-12-24,2015-04-15,08/20/2014
129-05,31 AVENUE,QUEENS,4043590100,4539936,0,"",2,"",00,01,"","TPAD BBL USED, NO EXISTING PAD BBL",*,420354761,42035476112/08/2011 12:00:00 AM,2011-12-08,2011-08-31,05/11/2011
151-58,18 AVENUE,QUEENS,4047050051,4538202,2,"",4,"",00,01,"","TPAD BBL USED,EXISTING PAD BIN OF INPUT ADDR ON DIFF BBL THAN TPAD NB BIN",8,420187096,42018709608/18/2011 12:00:00 AM,2011-08-18,2010-08-12,05/11/2010
136-21,LATIMER PLACE,QUEENS,4049520032,4542641,1,"",4,"",00,01,"","TPAD BBL USED,EXISTING PAD BIN OF INPUT ADDR ON DIFF BBL THAN TPAD NB BIN",8,420631383,42063138302/26/2018 12:00:00 AM,2017-01-03,2013-04-01,10/10/2012
132-12,POPLE AVENUE,QUEENS,4051040012,4539643,0,"",2,"",00,01,"","TPAD BBL USED, NO EXISTING PAD BBL",*,410039499,41003949904/05/2010 12:00:00 AM,2010-04-05,2008-05-14,12/21/2007
40-55,COLLEGE POINT BOULEVARD,QUEENS,4050370002,4538325,2,"",2,"",00,01,"","TPAD BBL USED, NO EXISTING PAD BBL",*,402592743,40259274303/28/2013 12:00:00 AM,2012-08-31,2010-06-23,05/11/2007
33-06,162 STREET,QUEENS,4052460044,4607301,0,"",D,"",00,01,"","ADDRESS FOUND IN TPAD, NOT FOUND IN PAD",*,421218667,42121866710/10/2017 12:00:00 AM,2017-10-10,2015-12-16,09/28/2015
204-09,39 AVENUE,QUEENS,4062000002,4595518,0,"",D,"",00,01,"","ADDRESS FOUND IN TPAD, NOT FOUND IN PAD",8,420652083,42065208305/29/2018 12:00:00 AM,2018-05-29,2015-10-22,07/29/2014
204-09,39 AVENUE,QUEENS,4062000002,4595518,0,"",D,"",00,01,"","ADDRESS FOUND IN TPAD, NOT FOUND IN PAD",8,420651609,42065160902/27/2018 12:00:00 AM,2018-02-27,2015-04-08,05/16/2014
250,BOWERY,MANHATTAN,1005070036,1088773,2,"",2,"",00,01,"","TPAD BBL USED, NO EXISTING PAD BBL",*,104400300,10440030004/02/2014 12:00:00 AM,2013-07-09,2007-02-06,04/07/2006
61-17 GARAGE,168 STREET,QUEENS,4068960024,4619573,0,"",D,"",00,01,"","ADDRESS FOUND IN TPAD, NOT FOUND IN PAD",*,421255082,42125508202/08/2019 12:00:00 AM,2019-02-08,2016-07-01,03/07/2016
183-38A,BOOTH MEMORIAL AVENUE,QUEENS,4070670035,4595502,0,"",3,"",00,01,"","TPAD BBL USED, PAD PSEUDO-ADDRESS ON DIFFERENT BBL THAN TPAD NB BIN",8,420991608,42099160807/29/2015 12:00:00 AM,2015-07-29,2014-08-08,07/09/2014
58-09C,183 STREET,QUEENS,4070670120,4595506,0,"",3,"",00,01,"","TPAD BBL USED, PAD PSEUDO-ADDRESS ON DIFFERENT BBL THAN TPAD NB BIN",8,420991528,42099152807/23/2015 12:00:00 AM,2015-07-23,2014-08-06,07/09/2014
58-09,183 STREET,QUEENS,4070670121,4542854,0,"",3,"",00,01,"","TPAD BBL USED, PAD PSEUDO-ADDRESS ON DIFFERENT BBL THAN TPAD NB BIN",8,420991421,42099142109/13/2016 12:00:00 AM,2016-09-13,2014-08-06,07/09/2014
58-09B,183 STREET,QUEENS,4070670121,4595507,0,"",3,"",00,01,"","TPAD BBL USED, PAD PSEUDO-ADDRESS ON DIFFERENT BBL THAN TPAD NB BIN",8,420991537,42099153707/23/2015 12:00:00 AM,2015-07-23,2014-08-06,07/09/2014
58-09A,183 STREET,QUEENS,4070670122,4595508,0,"",3,"",00,01,"","TPAD BBL USED, PAD PSEUDO-ADDRESS ON DIFFERENT BBL THAN TPAD NB BIN",8,420991546,42099154607/27/2015 12:00:00 AM,2015-07-27,2014-08-06,07/09/2014
183-02,BOOTH MEMORIAL AVENUE,QUEENS,4070670122,4542853,0,"",3,"",00,01,"","TPAD BBL USED, PAD PSEUDO-ADDRESS ON DIFFERENT BBL THAN TPAD NB BIN",8,420991582,42099158202/03/2016 12:00:00 AM,2016-02-03,2014-08-08,07/09/2014
58-07,183 STREET,QUEENS,4070670125,4595510,0,"",3,"",00,01,"","TPAD BBL USED, PAD PSEUDO-ADDRESS ON DIFFERENT BBL THAN TPAD NB BIN",8,420991458,42099145807/21/2015 12:00:00 AM,2015-07-21,2014-08-06,07/09/2014
58-07A,183 STREET,QUEENS,4070670126,4595511,0,"",3,"",00,01,"","TPAD BBL USED, PAD PSEUDO-ADDRESS ON DIFFERENT BBL THAN TPAD NB BIN",8,420991449,42099144907/23/2015 12:00:00 AM,2015-07-23,2014-08-06,07/09/2014
183-14A,BOOTH MEMORIAL AVENUE,QUEENS,4070670127,4542852,0,"",4,"",00,01,"","TPAD BBL USED,EXISTING PAD BIN OF INPUT ADDR ON DIFF BBL THAN TPAD NB BIN",8,420991635,42099163508/05/2015 12:00:00 AM,2015-08-05,2014-08-08,07/09/2014
183-02C,BOOTH MEMORIAL AVENUE,QUEENS,4070670130,4595514,0,"",3,"",00,01,"","TPAD BBL USED, PAD PSEUDO-ADDRESS ON DIFFERENT BBL THAN TPAD NB BIN",8,420991555,42099155507/29/2015 12:00:00 AM,2015-07-29,2014-08-08,07/09/2014
183-14B,BOOTH MEMORIAL AVENUE,QUEENS,4070670132,4595500,0,"",4,"",00,01,"","TPAD BBL USED,EXISTING PAD BIN OF INPUT ADDR ON DIFF BBL THAN TPAD NB BIN",8,420991626,42099162606/16/2015 12:00:00 AM,2015-06-16,2014-08-08,07/09/2014
251-18,HILLSIDE AVENUE,QUEENS,4086050097,4539490,0,"",4,"",00,01,"","TPAD BBL USED,EXISTING PAD BIN OF INPUT ADDR ON DIFF BBL THAN TPAD NB BIN",8,410116431,41011643112/16/2010 12:00:00 AM,2010-12-16,2008-07-29,05/28/2008
263-10,EAST WILLISTON AVENUE,QUEENS,4088060049,"","","",7,6,00,01,"","TPAD BBL USED, PAD BIN OF INPUT ADDR W/DM-6 ON DIFF BBL THAN TPAD NB BIN",*,420052329,42005232907/19/2012 12:00:00 AM,2012-07-19,2010-01-25,07/21/2009
165-24,CLINTON TERRACE,QUEENS,4098370029,4542759,0,"",4,"",00,01,"","TPAD BBL USED,EXISTING PAD BIN OF INPUT ADDR ON DIFF BBL THAN TPAD NB BIN",8,420804151,42080415106/04/2014 12:00:00 AM,2014-06-04,2013-04-12,01/17/2013
178-26,WEXFORD TERRACE,QUEENS,4099370014,4594907,0,"",3,"",00,01,"","TPAD BBL USED, PAD PSEUDO-ADDRESS ON DIFFERENT BBL THAN TPAD NB BIN",8,420919466,42091946610/18/2017 12:00:00 AM,2017-10-18,2014-09-11,12/04/2013
181-24,HILLSIDE AVENUE,QUEENS,4099170004,4596257,0,"",D,"",00,01,"","ADDRESS FOUND IN TPAD, NOT FOUND IN PAD",*,421010088,42101008801/10/2018 12:00:00 AM,2016-05-09,2015-06-29,10/30/2014
169-15,107 AVENUE,QUEENS,4102380054,4617441,0,"",3,"",00,01,"","TPAD BBL USED, PAD PSEUDO-ADDRESS ON DIFFERENT BBL THAN TPAD NB BIN",8,421261636,42126163606/11/2018 12:00:00 AM,2018-06-11,2016-03-16,02/10/2016
169-11,107 AVENUE,QUEENS,4102380055,4617444,0,"",3,"",00,01,"","TPAD BBL USED, PAD PSEUDO-ADDRESS ON DIFFERENT BBL THAN TPAD NB BIN",8,421261645,42126164506/11/2018 12:00:00 AM,2018-06-11,2016-03-09,02/08/2016
169-09,107 AVENUE,QUEENS,4102380056,4617443,0,"",3,"",00,01,"","TPAD BBL USED, PAD PSEUDO-ADDRESS ON DIFFERENT BBL THAN TPAD NB BIN",8,421254136,42125413606/11/2018 12:00:00 AM,2018-06-11,2016-03-23,02/08/2016
169-07,107 AVENUE,QUEENS,4102380057,4617442,0,"",3,"",00,01,"","TPAD BBL USED, PAD PSEUDO-ADDRESS ON DIFFERENT BBL THAN TPAD NB BIN",8,421254127,42125412706/11/2018 12:00:00 AM,2018-06-11,2016-03-21,02/09/2016
169-03,107 AVENUE,QUEENS,4102380058,4617440,0,"",3,"",00,01,"","TPAD BBL USED, PAD PSEUDO-ADDRESS ON DIFFERENT BBL THAN TPAD NB BIN",8,421056653,42105665307/18/2018 12:00:00 AM,2018-07-18,2016-02-25,12/26/2014
169-03,107 AVENUE,QUEENS,4102380058,4617440,0,"",3,"",00,01,"","TPAD BBL USED, PAD PSEUDO-ADDRESS ON DIFFERENT BBL THAN TPAD NB BIN",8,421254181,42125418106/11/2018 12:00:00 AM,2018-06-11,2016-03-18,02/10/2016
121-10,149 AVENUE,QUEENS,4118220037,4601802,0,"",4,"",00,01,"","TPAD BBL USED,EXISTING PAD BIN OF INPUT ADDR ON DIFF BBL THAN TPAD NB BIN",8,421188761,42118876110/30/2019 12:00:00 AM,2019-10-30,2016-01-12,07/15/2015
121-10,149 AVENUE,QUEENS,4118220037,4601802,0,"",4,"",00,01,"","TPAD BBL USED,EXISTING PAD BIN OF INPUT ADDR ON DIFF BBL THAN TPAD NB BIN",8,421188752,42118875210/30/2019 12:00:00 AM,2019-10-30,2015-10-14,07/15/2015
121-14,149 AVENUE,QUEENS,4118220039,4601803,0,"",3,"",00,01,"","TPAD BBL USED, PAD PSEUDO-ADDRESS ON DIFFERENT BBL THAN TPAD NB BIN",8,421189403,42118940305/29/2019 12:00:00 AM,2019-05-29,2016-01-11,07/15/2015
145-33,123 AVENUE,QUEENS,4120430084,4619461,0,"",4,"",00,01,"","TPAD BBL USED,EXISTING PAD BIN OF INPUT ADDR ON DIFF BBL THAN TPAD NB BIN",8,421320181,42132018108/09/2018 12:00:00 AM,2019-07-26,2018-04-16,05/16/2016
119-11,LONG STREET,QUEENS,4122450104,4607765,0,"",3,"",00,01,"","TPAD BBL USED, PAD PSEUDO-ADDRESS ON DIFFERENT BBL THAN TPAD NB BIN",8,421303137,42130313706/05/2019 12:00:00 AM,2019-06-05,2016-12-07,03/18/2016
136-20,219 STREET,QUEENS,4130190026,4594918,0,"",D,"",00,01,"","ADDRESS FOUND IN TPAD, NOT FOUND IN PAD",*,420929703,42092970301/26/2016 12:00:00 AM,2016-08-18,2015-01-12,12/16/2013
120,HART STREET,BROOKLYN,3017710028,3398229,1,"",2,"",00,01,"","TPAD BBL USED, NO EXISTING PAD BBL",*,320375027,32037502704/04/2014 12:00:00 AM,2014-04-04,2013-01-24,06/19/2012
259-15 GAR,148 DRIVE,QUEENS,4136880054,4608405,0,"",D,"",00,01,"","ADDRESS FOUND IN TPAD, NOT FOUND IN PAD",*,421312680,42131268003/22/2017 12:00:00 AM,2017-03-22,2016-10-20,06/14/2016
105B,HAMILTON AVENUE,STATEN IS,5000220001,5165063,0,"",D,"",00,01,"","ADDRESS FOUND IN TPAD, NOT FOUND IN PAD",*,500871602,50087160212/26/2019 12:00:00 AM,2017-08-28,2016-01-05,12/23/2014
125,HENDRICKS AVENUE,STATEN IS,5000450039,5166357,0,"",3,"",00,01,"","TPAD BBL USED, PAD PSEUDO-ADDRESS ON DIFFERENT BBL THAN TPAD NB BIN",8,520268184,52026818407/24/2017 12:00:00 AM,2017-07-24,2016-11-22,09/08/2016
126,BARD AVENUE,STATEN IS,5001380109,5165167,0,"",D,"",00,01,"","ADDRESS FOUND IN TPAD, NOT FOUND IN PAD",8,520246662,52024666205/13/2019 12:00:00 AM,2019-05-13,2017-08-03,07/29/2015
130 GARAGE,BARD AVENUE,STATEN IS,5001380108,5170409,0,"",D,"",00,01,"","ADDRESS FOUND IN TPAD, NOT FOUND IN PAD",8,520329350,52032935005/13/2019 12:00:00 AM,2019-05-13,2018-08-02,03/05/2018
268,BARD AVENUE,STATEN IS,5001390039,5170487,0,"",D,"",00,01,"","ADDRESS FOUND IN TPAD, NOT FOUND IN PAD",8,520310075,52031007505/13/2019 12:00:00 AM,2019-05-13,2018-07-11,03/14/2018
44,BRITTON STREET,STATEN IS,5001780020,5170568,0,"",D,"",00,01,"","ADDRESS FOUND IN TPAD, NOT FOUND IN PAD",8,520333274,52033327407/18/2019 12:00:00 AM,2019-07-18,2018-06-26,04/10/2018
38,BRITTON STREET,STATEN IS,5001780024,5170566,0,"",3,"",00,01,"","TPAD BBL USED, PAD PSEUDO-ADDRESS ON DIFFERENT BBL THAN TPAD NB BIN",8,520333247,52033324707/17/2019 12:00:00 AM,2019-07-17,2018-06-26,04/10/2018
590,DELAFIELD AVENUE,STATEN IS,5002190029,5169843,0,"",D,"",00,01,"","ADDRESS FOUND IN TPAD, NOT FOUND IN PAD",8,520302253,52030225304/28/2018 12:00:00 AM,2018-04-28,2017-11-03,09/26/2017
31 GARAGE,HOWE STREET,STATEN IS,5003020018,5169462,0,"",D,"",00,01,"","ADDRESS FOUND IN TPAD, NOT FOUND IN PAD",8,520288894,52028889412/04/2018 12:00:00 AM,2018-12-04,2017-10-26,08/30/2017
319G,STEWART AVENUE,STATEN IS,5004770044,5165188,0,"",D,"",00,01,"","ADDRESS FOUND IN TPAD, NOT FOUND IN PAD",*,520242648,52024264809/06/2016 12:00:00 AM,2016-09-06,2015-08-11,05/12/2015
400,BRYSON AVENUE,STATEN IS,5004850043,5151935,0,"",4,"",00,01,"","TPAD BBL USED,EXISTING PAD BIN OF INPUT ADDR ON DIFF BBL THAN TPAD NB BIN",8,520036693,52003669305/10/2011 12:00:00 AM,2011-05-10,2010-07-09,05/13/2010
15,HIGHLAND AVENUE,STATEN IS,5005930730,5164120,0,"",D,"",00,01,"","ADDRESS FOUND IN TPAD, NOT FOUND IN PAD",8,520218032,52021803211/06/2019 12:00:00 AM,2019-11-06,2016-10-12,08/04/2015
7,HIGHLAND AVENUE,STATEN IS,5005930740,5164267,0,"",D,"",00,01,"","ADDRESS FOUND IN TPAD, NOT FOUND IN PAD",8,520240588,52024058810/23/2019 12:00:00 AM,2019-10-23,2016-10-11,08/04/2015
5,CORNELL PLACE,STATEN IS,5006490009,5170237,0,"",D,"",00,01,"","ADDRESS FOUND IN TPAD, NOT FOUND IN PAD",*,520339125,52033912509/27/2019 12:00:00 AM,2019-09-27,2018-10-31,09/12/2018
130,SCHMIDTS LANE,STATEN IS,5006900245,5169012,0,"",D,"",00,01,"","ADDRESS FOUND IN TPAD, NOT FOUND IN PAD",8,520270386,52027038604/06/2018 12:00:00 AM,2018-04-06,2017-05-08,04/04/2017
141 GARAGE,BYRNE AVENUE,STATEN IS,5007290060,5170839,0,"",D,"",00,01,"","ADDRESS FOUND IN TPAD, NOT FOUND IN PAD",*,520336217,52033621702/23/2019 12:00:00 AM,2019-02-23,2018-09-20,06/22/2018
428,PURDY AVENUE,STATEN IS,5007490007,5171056,0,"",D,"",00,01,"","ADDRESS FOUND IN TPAD, NOT FOUND IN PAD",8,520354759,52035475912/19/2019 12:00:00 AM,2019-12-19,2019-01-31,11/08/2018
339,BRADLEY AVENUE,STATEN IS,5008110006,5168940,0,"",D,"",00,01,"","ADDRESS FOUND IN TPAD, NOT FOUND IN PAD",8,520284013,52028401308/12/2019 12:00:00 AM,2019-08-12,2017-12-12,03/15/2017
95,HEWITT AVENUE,STATEN IS,5008360011,5170202,0,"",D,"",00,01,"","ADDRESS FOUND IN TPAD, NOT FOUND IN PAD",8,520317489,52031748908/13/2019 12:00:00 AM,2019-08-13,2018-05-02,12/08/2017
93,HEWITT AVENUE,STATEN IS,5008360012,5170201,0,"",D,"",00,01,"","ADDRESS FOUND IN TPAD, NOT FOUND IN PAD",8,520317498,52031749801/11/2019 12:00:00 AM,2019-01-11,2018-05-02,12/08/2017
18,BENEDICT ROAD,STATEN IS,5008790032,5164595,0,"",D,"",00,01,"","ADDRESS FOUND IN TPAD, NOT FOUND IN PAD",8,520198483,52019848308/31/2017 12:00:00 AM,2017-08-31,2014-10-20,06/18/2014
96,CATHERINE STREET,STATEN IS,5010500147,5168520,0,"",D,"",00,01,"","ADDRESS FOUND IN TPAD, NOT FOUND IN PAD",8,520297241,52029724109/12/2017 12:00:00 AM,2017-09-12,2017-02-10,12/23/2016
94,CATHERINE STREET,STATEN IS,5010500148,5168519,0,"",D,"",00,01,"","ADDRESS FOUND IN TPAD, NOT FOUND IN PAD",8,520297250,52029725009/12/2017 12:00:00 AM,2017-09-12,2017-02-10,12/23/2016
136-16,31 ROAD,QUEENS,4044090032,4538066,2,"",2,"",00,01,"","TPAD BBL USED, NO EXISTING PAD BBL",*,401522740,40152274010/01/2010 12:00:00 AM,2010-10-01,2003-02-21,09/09/2002
481,VILLA AVENUE,STATEN IS,5011320041,5170124,0,"",D,"",00,01,"","ADDRESS FOUND IN TPAD, NOT FOUND IN PAD",8,520313919,52031391903/05/2019 12:00:00 AM,2019-03-05,2017-12-08,10/10/2017
460,VILLA AVENUE,STATEN IS,5011330117,5170841,0,"",D,"",00,01,"","ADDRESS FOUND IN TPAD, NOT FOUND IN PAD",8,520337181,52033718110/17/2019 12:00:00 AM,2019-10-17,2018-10-22,08/09/2018
18,HOUSMAN AVENUE,STATEN IS,5011580063,5166362,0,"",D,"",00,01,"","ADDRESS FOUND IN TPAD, NOT FOUND IN PAD",8,520204966,52020496604/03/2018 12:00:00 AM,2018-04-03,2017-01-20,11/05/2015
235,DIXON AVENUE,STATEN IS,5011720244,5164628,0,"",D,"",00,01,"","ADDRESS FOUND IN TPAD, NOT FOUND IN PAD",8,520197885,52019788504/26/2017 12:00:00 AM,2017-04-26,2016-06-08,06/09/2014
283 GARAGE,GRANITE AVENUE,STATEN IS,5011700020,5169206,0,"",D,"",00,01,"","ADDRESS FOUND IN TPAD, NOT FOUND IN PAD",8,520302967,52030296705/10/2018 12:00:00 AM,2018-05-10,2017-11-30,06/21/2017
48 GARAGE,LAKE AVENUE,STATEN IS,5011600086,5171790,0,"",3,"",00,01,"","TPAD BBL USED, PAD PSEUDO-ADDRESS ON DIFFERENT BBL THAN TPAD NB BIN",8,520352644,52035264412/24/2019 12:00:00 AM,2019-12-24,2018-09-19,08/08/2018
191,VAN NAME AVENUE,STATEN IS,5011940053,5169784,0,"",D,"",00,01,"","ADDRESS FOUND IN TPAD, NOT FOUND IN PAD",8,520300754,52030075411/02/2018 12:00:00 AM,2018-11-02,2018-01-16,10/19/2017
252,SIMONSON AVENUE,STATEN IS,5011940100,5169335,0,"",D,"",00,01,"","ADDRESS FOUND IN TPAD, NOT FOUND IN PAD",*,520291265,52029126503/07/2018 12:00:00 AM,2018-03-07,2017-07-11,05/11/2017
329,HARBOR ROAD,STATEN IS,5012340030,5170246,0,"",D,"",00,01,"","ADDRESS FOUND IN TPAD, NOT FOUND IN PAD",8,520356098,52035609809/24/2019 12:00:00 AM,2019-09-24,2018-10-16,09/12/2018
620,COLLEGE AVENUE,STATEN IS,5014430005,5169725,0,"",D,"",00,01,"","ADDRESS FOUND IN TPAD, NOT FOUND IN PAD",8,520307043,52030704311/01/2018 12:00:00 AM,2018-11-01,2017-12-11,07/10/2017
217P,KIRSHON AVENUE,STATEN IS,5016020038,5169076,0,"",D,"",00,01,"","ADDRESS FOUND IN TPAD, NOT FOUND IN PAD",8,520281873,52028187304/04/2017 12:00:00 AM,2017-04-04,2017-01-10,12/15/2016
6,SUMMERFIELD PLACE,STATEN IS,5016900142,5166564,0,"",3,"",00,01,"","TPAD BBL USED, PAD PSEUDO-ADDRESS ON DIFFERENT BBL THAN TPAD NB BIN",8,520256455,52025645506/28/2019 12:00:00 AM,2019-06-28,2016-08-02,02/01/2016
2873,RICHMOND AVENUE,STATEN IS,5024600001,5158760,0,"",3,"",00,01,"","TPAD BBL USED, PAD PSEUDO-ADDRESS ON DIFFERENT BBL THAN TPAD NB BIN",8,520079343,52007934302/03/2014 12:00:00 AM,2013-09-04,2012-09-19,04/20/2012
97,CHESTNUT AVENUE,STATEN IS,5028440129,5171622,0,"",4,"",00,01,"","TPAD BBL USED,EXISTING PAD BIN OF INPUT ADDR ON DIFF BBL THAN TPAD NB BIN",8,520253733,52025373303/07/2019 12:00:00 AM,2019-03-07,2017-04-05,10/19/2015
1983,CLOVE ROAD,STATEN IS,5029170023,5168866,0,"",3,"",00,01,"","TPAD BBL USED, PAD PSEUDO-ADDRESS ON DIFFERENT BBL THAN TPAD NB BIN",8,520270251,52027025108/27/2018 12:00:00 AM,2018-08-27,2017-09-19,09/30/2016
332,HYLAN BOULEVARD,STATEN IS,5029820021,5164908,0,"",D,"",00,01,"","ADDRESS FOUND IN TPAD, NOT FOUND IN PAD",8,520233809,52023380904/09/2018 12:00:00 AM,2018-04-09,2016-01-07,03/27/2015
259,ST JOHNS AVENUE,STATEN IS,5029830066,5153257,2,"",2,"",00,01,"","TPAD BBL USED, NO EXISTING PAD BBL",*,520066712,52006671205/10/2012 12:00:00 AM,2012-05-10,2011-06-08,05/16/2011
207,CEDAR AVENUE,STATEN IS,5031080058,5170940,0,"",D,"",00,01,"","ADDRESS FOUND IN TPAD, NOT FOUND IN PAD",8,520337653,52033765307/05/2019 12:00:00 AM,2019-07-05,2018-08-20,06/26/2018
209,CEDAR AVENUE,STATEN IS,5031080059,5170939,0,"",D,"",00,01,"","ADDRESS FOUND IN TPAD, NOT FOUND IN PAD",8,520337662,52033766207/05/2019 12:00:00 AM,2019-07-05,2018-08-20,07/02/2018
171,SAND LANE,STATEN IS,5031080061,5170776,0,"",D,"",00,01,"","ADDRESS FOUND IN TPAD, NOT FOUND IN PAD",*,520337635,52033763507/05/2019 12:00:00 AM,2019-07-05,2018-08-20,06/22/2018
167,SAND LANE,STATEN IS,5031080062,5170777,0,"",D,"",00,01,"","ADDRESS FOUND IN TPAD, NOT FOUND IN PAD",8,520337626,52033762607/05/2019 12:00:00 AM,2019-07-05,2018-08-20,06/22/2018
120,LINWOOD AVENUE,STATEN IS,5032750002,5160980,0,"",3,"",00,01,"","TPAD BBL USED, PAD PSEUDO-ADDRESS ON DIFFERENT BBL THAN TPAD NB BIN",8,520253617,52025361705/23/2016 12:00:00 AM,2016-05-23,2015-12-07,10/08/2015
215G,RARITAN AVENUE,STATEN IS,5033310001,5166314,0,"",D,"",00,01,"","ADDRESS FOUND IN TPAD, NOT FOUND IN PAD",*,520259327,52025932710/28/2016 12:00:00 AM,2016-10-28,2016-03-29,12/30/2015
11 GARAGE,MCDERMOTT AVENUE,STATEN IS,5033620159,5170477,0,"",D,"",00,01,"","ADDRESS FOUND IN TPAD, NOT FOUND IN PAD",*,520328431,52032843112/11/2018 12:00:00 AM,2018-12-11,2018-08-01,03/26/2018
279,QUINTARD STREET,STATEN IS,5033950045,5164511,0,"",D,"",00,01,"","ADDRESS FOUND IN TPAD, NOT FOUND IN PAD",8,520214544,52021454405/10/2018 12:00:00 AM,2018-05-10,2016-06-01,12/26/2014
63 GARAGE,BACHE AVENUE,STATEN IS,5036350013,5170327,0,"",D,"",00,01,"","ADDRESS FOUND IN TPAD, NOT FOUND IN PAD",8,520328627,52032862711/29/2019 12:00:00 AM,2019-11-29,2018-08-13,06/22/2018
116,JACQUES AVENUE,STATEN IS,5036430043,5170198,0,"",D,"",00,01,"","ADDRESS FOUND IN TPAD, NOT FOUND IN PAD",*,520322730,52032273011/18/2019 12:00:00 AM,2019-11-18,2018-08-06,02/05/2018
104 GARAGE,OTIS AVENUE,STATEN IS,5036230010,5169291,0,"",D,"",00,01,"","ADDRESS FOUND IN TPAD, NOT FOUND IN PAD",8,520278949,52027894912/04/2018 12:00:00 AM,2018-12-04,2017-06-30,06/09/2017
104,OTIS AVENUE,STATEN IS,5036230010,5169290,0,"",D,"",00,01,"","ADDRESS FOUND IN TPAD, NOT FOUND IN PAD",8,520278958,52027895812/04/2018 12:00:00 AM,2018-12-04,2017-06-30,06/09/2017
528,BEDFORD AVENUE,STATEN IS,5037980133,5171150,0,"",D,"",00,01,"","ADDRESS FOUND IN TPAD, NOT FOUND IN PAD",*,520276790,52027679002/05/2019 12:00:00 AM,2019-02-05,2017-06-06,04/11/2017
404,LINCOLN AVENUE,STATEN IS,5037410029,5169322,0,"",D,"",00,01,"","ADDRESS FOUND IN TPAD, NOT FOUND IN PAD",8,520273935,52027393510/17/2018 12:00:00 AM,2018-10-17,2017-09-27,05/09/2017
254,FREEBORN STREET,STATEN IS,5038010018,5166577,0,"",3,"",00,01,"","TPAD BBL USED, PAD PSEUDO-ADDRESS ON DIFFERENT BBL THAN TPAD NB BIN",8,520259915,52025991506/01/2017 12:00:00 AM,2017-06-01,2016-06-09,05/12/2016
335,COLONY AVENUE,STATEN IS,5038840041,5169377,0,"",D,"",00,01,"","ADDRESS FOUND IN TPAD, NOT FOUND IN PAD",8,520277931,52027793111/15/2018 12:00:00 AM,2018-11-15,2017-06-26,04/20/2017
356,BADEN PLACE,STATEN IS,5038930018,5158689,0,"",4,"",00,01,"","TPAD BBL USED,EXISTING PAD BIN OF INPUT ADDR ON DIFF BBL THAN TPAD NB BIN",8,520075882,52007588208/24/2012 12:00:00 AM,2012-08-24,2011-10-21,08/19/2011
419,GUYON AVENUE,STATEN IS,5040290004,5169734,0,"",D,"",00,01,"","ADDRESS FOUND IN TPAD, NOT FOUND IN PAD",8,520316140,52031614009/25/2019 12:00:00 AM,2019-09-25,2018-11-14,09/10/2018
24,2 STREET,STATEN IS,5041920018,5169453,0,"",D,"",00,01,"","ADDRESS FOUND IN TPAD, NOT FOUND IN PAD",8,520291407,52029140703/14/2019 12:00:00 AM,2019-03-14,2017-07-06,05/02/2017
106 GARAGE,DALE AVENUE,STATEN IS,5043090064,5170480,0,"",D,"",00,01,"","ADDRESS FOUND IN TPAD, NOT FOUND IN PAD",*,520200746,52020074602/28/2019 12:00:00 AM,2019-02-28,2018-04-10,12/27/2017
102 GARAGE,DALE AVENUE,STATEN IS,5043090065,5170479,0,"",D,"",00,01,"","ADDRESS FOUND IN TPAD, NOT FOUND IN PAD",*,520200755,52020075502/28/2019 12:00:00 AM,2019-02-28,2018-04-10,12/27/2017
33,TANGLEWOOD DRIVE,STATEN IS,5045000014,5171154,0,"",D,"",00,01,"","ADDRESS FOUND IN TPAD, NOT FOUND IN PAD",8,520334834,52033483412/18/2019 12:00:00 AM,2019-12-18,2018-06-04,05/08/2018
3892,HYLAN BOULEVARD,STATEN IS,5052040014,5165191,0,"",D,"",00,01,"","ADDRESS FOUND IN TPAD, NOT FOUND IN PAD",*,520260422,52026042205/26/2017 12:00:00 AM,2017-05-26,2016-06-17,01/13/2016
68 GARAGE,DRIGGS STREET,STATEN IS,5052750024,5170183,0,"",D,"",00,01,"","ADDRESS FOUND IN TPAD, NOT FOUND IN PAD",*,520311868,52031186805/23/2019 12:00:00 AM,2019-05-23,2018-07-13,02/27/2018
4549G,HYLAN BOULEVARD,STATEN IS,5053780116,5165175,0,"",D,"",00,01,"","ADDRESS FOUND IN TPAD, NOT FOUND IN PAD",*,520204948,52020494801/23/2017 12:00:00 AM,2017-01-23,2015-11-25,05/05/2015
663,ANNADALE ROAD,STATEN IS,5056210036,5169543,0,"",D,"",00,01,"","ADDRESS FOUND IN TPAD, NOT FOUND IN PAD",8,520278654,52027865410/30/2018 12:00:00 AM,2018-10-30,2018-04-04,05/12/2017
79,CANTON AVENUE,STATEN IS,5060130028,5166795,0,"",D,"",00,01,"","ADDRESS FOUND IN TPAD, NOT FOUND IN PAD",8,520261118,52026111812/22/2016 12:00:00 AM,2016-12-22,2016-07-12,05/18/2016
70 GARAGE,CANTON AVENUE,STATEN IS,5060140072,5170552,0,"",D,"",00,01,"","ADDRESS FOUND IN TPAD, NOT FOUND IN PAD",8,520327664,52032766410/15/2019 12:00:00 AM,2019-10-15,2018-10-31,04/13/2018
45,DELMAR AVENUE,STATEN IS,5060450116,5169374,0,"",D,"",00,01,"","ADDRESS FOUND IN TPAD, NOT FOUND IN PAD",*,520273187,52027318704/16/2018 12:00:00 AM,2018-04-16,2017-10-05,06/29/2017
41,DELMAR AVENUE,STATEN IS,5060450181,5166788,0,"",D,"",00,01,"","ADDRESS FOUND IN TPAD, NOT FOUND IN PAD",8,520259666,52025966608/02/2017 12:00:00 AM,2017-08-02,2017-02-08,05/17/2016
41,DELMAR AVENUE,STATEN IS,5060450181,5166788,0,"",D,"",00,01,"","ADDRESS FOUND IN TPAD, NOT FOUND IN PAD",8,520259675,52025967508/02/2017 12:00:00 AM,2017-08-02,2017-02-08,05/17/2016
181 GARAGE,DETROIT AVENUE,STATEN IS,5062280016,5170173,0,"",D,"",00,01,"","ADDRESS FOUND IN TPAD, NOT FOUND IN PAD",8,520322366,52032236604/01/2019 12:00:00 AM,2019-04-01,2018-03-19,01/09/2018
177 GARAGE,DETROIT AVENUE,STATEN IS,5062280075,5170171,0,"",D,"",00,01,"","ADDRESS FOUND IN TPAD, NOT FOUND IN PAD",8,520318941,52031894104/01/2019 12:00:00 AM,2019-04-01,2018-03-19,01/09/2018
197,SHELDON AVENUE,STATEN IS,5062350056,5166720,0,"",3,"",00,01,"","TPAD BBL USED, PAD PSEUDO-ADDRESS ON DIFFERENT BBL THAN TPAD NB BIN",8,520251753,52025175305/23/2017 12:00:00 AM,2017-05-23,2016-07-14,04/06/2016
242 GARAGE,IONIA AVENUE,STATEN IS,5062610013,5170808,0,"",D,"",00,01,"","ADDRESS FOUND IN TPAD, NOT FOUND IN PAD",8,520339072,52033907207/19/2019 12:00:00 AM,2019-07-19,2018-09-27,07/11/2018
235,SINCLAIR AVENUE,STATEN IS,5062680072,5168750,0,"",D,"",00,01,"","ADDRESS FOUND IN TPAD, NOT FOUND IN PAD",8,520271027,52027102704/13/2018 12:00:00 AM,2018-04-13,2017-07-06,05/09/2017
235 GARAGE,SINCLAIR AVENUE,STATEN IS,5062680072,5169822,0,"",D,"",00,01,"","ADDRESS FOUND IN TPAD, NOT FOUND IN PAD",8,520275283,52027528304/12/2018 12:00:00 AM,2018-04-12,2017-07-13,06/07/2017
239 GARAGE,SINCLAIR AVENUE,STATEN IS,5062680074,5169823,0,"",D,"",00,01,"","ADDRESS FOUND IN TPAD, NOT FOUND IN PAD",8,520275274,52027527404/13/2018 12:00:00 AM,2018-04-13,2017-07-13,06/07/2017
484 GARAGE,JEFFERSON BOULEVARD,STATEN IS,5062710012,5171630,0,"",D,"",00,01,"","ADDRESS FOUND IN TPAD, NOT FOUND IN PAD",8,520370982,52037098211/19/2019 12:00:00 AM,2019-11-19,2019-05-16,03/04/2019
484,JEFFERSON BOULEVARD,STATEN IS,5062710012,5171629,0,"",D,"",00,01,"","ADDRESS FOUND IN TPAD, NOT FOUND IN PAD",8,520370937,52037093711/22/2019 12:00:00 AM,2019-11-22,2019-04-09,03/04/2019
471,RENSSELAER AVENUE,STATEN IS,5063010058,5165186,0,"",D,"",00,01,"","ADDRESS FOUND IN TPAD, NOT FOUND IN PAD",8,520260057,52026005701/22/2019 12:00:00 AM,2019-01-22,2017-05-09,01/28/2016
340,DETROIT AVENUE,STATEN IS,5062760035,5166575,0,"",D,"",00,01,"","ADDRESS FOUND IN TPAD, NOT FOUND IN PAD",8,520247652,52024765202/21/2019 12:00:00 AM,2019-02-21,2016-09-22,06/28/2016
1452,DRUMGOOLE ROAD WEST,STATEN IS,5063330201,5166352,0,"",D,"",00,01,"","ADDRESS FOUND IN TPAD, NOT FOUND IN PAD",8,520268282,52026828207/10/2018 12:00:00 AM,2018-07-10,2017-12-28,06/21/2016
641,LAMONT AVENUE,STATEN IS,5063360001,5158666,0,"",4,"",00,01,"","TPAD BBL USED,EXISTING PAD BIN OF INPUT ADDR ON DIFF BBL THAN TPAD NB BIN",8,520033632,52003363210/23/2012 12:00:00 AM,2012-10-23,2011-05-17,04/09/2010
641,LAMONT AVENUE,STATEN IS,5063360001,5158666,0,"",4,"",00,01,"","TPAD BBL USED,EXISTING PAD BIN OF INPUT ADDR ON DIFF BBL THAN TPAD NB BIN",8,520149544,52014954404/15/2016 12:00:00 AM,2016-04-15,2014-07-31,10/01/2013
300 GARAGE,POILLON AVENUE,STATEN IS,5064590014,5169360,0,"",D,"",00,01,"","ADDRESS FOUND IN TPAD, NOT FOUND IN PAD",*,520278128,52027812801/28/2019 12:00:00 AM,2019-01-28,2018-01-29,04/26/2017
5230,AMBOY ROAD,STATEN IS,5065230110,5158322,1,"",3,"",00,01,"","TPAD BBL USED, PAD PSEUDO-ADDRESS ON DIFFERENT BBL THAN TPAD NB BIN",8,520075392,52007539208/16/2019 12:00:00 AM,2019-08-16,2015-07-09,08/16/2011
68 GARAGE,COLON STREET,STATEN IS,5065670027,5171002,0,"",D,"",00,01,"","ADDRESS FOUND IN TPAD, NOT FOUND IN PAD",*,520334950,52033495010/07/2019 12:00:00 AM,2019-10-07,2019-02-19,09/21/2018
441 GARAGE,DEISIUS STREET,STATEN IS,5065840001,5171031,0,"",D,"",00,01,"","ADDRESS FOUND IN TPAD, NOT FOUND IN PAD",8,520361698,52036169811/25/2019 12:00:00 AM,2019-11-25,2019-01-09,12/18/2018
441,DEISIUS STREET,STATEN IS,5065840001,5171030,0,"",D,"",00,01,"","ADDRESS FOUND IN TPAD, NOT FOUND IN PAD",8,520353251,52035325111/27/2019 12:00:00 AM,2019-11-27,2019-01-09,10/17/2018
26 GARAGE,PATRICIA COURT,STATEN IS,5066800005,5166691,0,"",4,"",00,01,"","TPAD BBL USED,EXISTING PAD BIN OF INPUT ADDR ON DIFF BBL THAN TPAD NB BIN",8,520190007,52019000703/01/2018 12:00:00 AM,2018-03-01,2016-07-19,07/28/2014
357,ALBOURNE AVENUE,STATEN IS,5069000043,5159264,0,"",3,"",00,01,"","TPAD BBL USED, PAD PSEUDO-ADDRESS ON DIFFERENT BBL THAN TPAD NB BIN",8,520166775,52016677505/09/2017 12:00:00 AM,2017-05-09,2014-04-16,10/30/2013
598,FOSTER ROAD,STATEN IS,5069330006,5170438,0,"",2,"",00,01,"","TPAD BBL USED, NO EXISTING PAD BBL",*,520328743,52032874306/18/2019 12:00:00 AM,2019-06-18,2018-06-29,06/01/2018
215 GARAGE,MCBAINE AVENUE,STATEN IS,5070450167,5166622,0,"",D,"",00,01,"","ADDRESS FOUND IN TPAD, NOT FOUND IN PAD",8,520263777,52026377702/10/2017 12:00:00 AM,2017-02-10,2016-04-13,03/02/2016
211P,JOHNSON STREET,STATEN IS,5072070255,5171581,0,"",D,"",42,01,ADDRESS NUMBER OUT OF RANGE,"ADDRESS FOUND IN TPAD, NOT FOUND IN PAD",8,520365328,52036532807/31/2019 12:00:00 AM,2019-07-31,2019-03-06,01/23/2019
175,JOHNSON STREET,STATEN IS,5072070280,5166718,0,"",D,"",00,01,"","ADDRESS FOUND IN TPAD, NOT FOUND IN PAD",*,520365319,52036531907/31/2019 12:00:00 AM,2019-07-31,2019-03-06,01/23/2019
97,STORER AVENUE,STATEN IS,5073110015,5166408,0,"",D,"",01,01,CAUTION: BLOCK FACE CONTAINS OUT-OF-SEQUENCE AND/OR OPPOSITE PARITY ADDRESSES,"ADDRESS FOUND IN TPAD, NOT FOUND IN PAD",*,520258603,52025860302/07/2018 12:00:00 AM,2018-02-07,2017-01-17,12/10/2015
64,SHARROTT AVENUE,STATEN IS,5077020110,5166320,0,"",D,"",00,01,"","ADDRESS FOUND IN TPAD, NOT FOUND IN PAD",*,520250585,52025058501/26/2018 12:00:00 AM,2017-07-14,2016-08-09,10/16/2015
55 GARAGE,BELWOOD LOOP,STATEN IS,5077750030,5170281,0,"",D,"",00,01,"","ADDRESS FOUND IN TPAD, NOT FOUND IN PAD",*,520317657,52031765704/02/2019 12:00:00 AM,2019-04-02,2018-03-06,11/21/2017
83 GARAGE,BELWOOD LOOP,STATEN IS,5077750186,5169536,0,"",D,"",00,01,"","ADDRESS FOUND IN TPAD, NOT FOUND IN PAD",*,520279261,52027926109/11/2018 12:00:00 AM,2018-09-11,2017-07-25,05/11/2017
44 GARAGE,DINTREE LANE,STATEN IS,5077750193,5169987,0,"",D,"",00,01,"","ADDRESS FOUND IN TPAD, NOT FOUND IN PAD",*,520308266,52030826602/09/2018 12:00:00 AM,2018-02-09,2017-09-13,07/20/2017
462 GARAGE,PAGE AVENUE,STATEN IS,5077920211,5170679,0,"",D,"",00,01,"","ADDRESS FOUND IN TPAD, NOT FOUND IN PAD",8,520326996,52032699611/27/2018 12:00:00 AM,2018-11-27,2018-07-17,05/31/2018
398,PAGE AVENUE,STATEN IS,5077920277,5165138,0,"",D,"",00,01,"","ADDRESS FOUND IN TPAD, NOT FOUND IN PAD",8,520287010,52028701011/08/2018 12:00:00 AM,2018-11-08,2017-10-23,02/22/2017
200 GARAGE,CHEEVERS LANE,STATEN IS,5077920436,5170216,0,"",D,"",00,01,"","ADDRESS FOUND IN TPAD, NOT FOUND IN PAD",*,520319655,52031965506/05/2018 12:00:00 AM,2018-06-05,2017-12-20,11/09/2017
144,SPRAGUE AVENUE,STATEN IS,5078670053,5170122,0,"",3,"",00,01,"","TPAD BBL USED, PAD PSEUDO-ADDRESS ON DIFFERENT BBL THAN TPAD NB BIN",8,520308523,52030852312/21/2018 12:00:00 AM,2018-12-21,2018-03-15,11/15/2017
245,PAGE AVENUE,STATEN IS,5080080074,5164617,0,"",D,"",00,01,"","ADDRESS FOUND IN TPAD, NOT FOUND IN PAD",8,520268978,52026897802/14/2018 12:00:00 AM,2017-09-07,2016-07-05,03/01/2016
14,WANDEL AVENUE,STATEN IS,5006230102,5164963,0,"",D,"",00,01,"","ADDRESS FOUND IN TPAD, NOT FOUND IN PAD",8,520203020,52020302011/28/2018 12:00:00 AM,2018-11-28,2016-04-07,09/17/2015
406 GARAGE,WOODSTOCK AVENUE,STATEN IS,5001200097,5165204,0,"",D,"",00,01,"","ADDRESS FOUND IN TPAD, NOT FOUND IN PAD",*,520112397,52011239706/01/2015 12:00:00 AM,2015-06-01,,10/05/2012
75G,VENUS PLACE,STATEN IS,5061100085,5165220,0,"",D,"",00,01,"","ADDRESS FOUND IN TPAD, NOT FOUND IN PAD",*,520256650,52025665003/08/2018 12:00:00 AM,2018-03-08,2016-01-19,12/10/2015
94,MONTICELLO TERRACE,STATEN IS,5051560015,5151944,0,"",2,"",00,01,"","TPAD BBL USED, NO EXISTING PAD BBL",*,520026926,52002692611/04/2010 12:00:00 AM,2010-11-04,2010-02-19,01/11/2010
818,53 STREET,BROOKLYN,3056650014,3414078,0,"",2,"",00,01,"","TPAD BBL USED, NO EXISTING PAD BBL",*,320141921,32014192106/09/2014 12:00:00 AM,2014-06-09,2011-03-03,03/30/2010
104,STOCKTON STREET,BROOKLYN,3017470002,3426035,0,"",2,"",00,01,"","TPAD BBL USED, NO EXISTING PAD BBL",*,321042518,32104251801/16/2019 12:00:00 AM,2018-06-27,2015-06-09,12/08/2014
26-05,28 STREET,QUEENS,4005960038,4541531,1,"",2,"",00,01,"","TPAD BBL USED, NO EXISTING PAD BBL",*,420652305,42065230512/05/2017 12:00:00 AM,2017-07-05,2015-02-18,09/03/2014
96-16,38 AVENUE,QUEENS,4028710007,4541342,1,"",4,"",00,01,"","TPAD BBL USED,EXISTING PAD BIN OF INPUT ADDR ON DIFF BBL THAN TPAD NB BIN",8,420528995,42052899504/08/2016 12:00:00 AM,2016-04-08,2013-05-10,02/02/2012
598 GARAGE,FOSTER ROAD,STATEN IS,5069330006,5170439,0,"",2,"",00,01,"","TPAD BBL USED, NO EXISTING PAD BBL",*,520318086,52031808607/15/2019 12:00:00 AM,2019-07-15,2018-06-29,06/01/2018
762,41 STREET,BROOKLYN,3009220028,3396742,2,"",2,"",00,01,"","TPAD BBL USED, NO EXISTING PAD BBL",*,310296499,31029649912/03/2010 12:00:00 AM,2010-12-03,2009-04-10,01/30/2009
26,CODDINGTON AVENUE,STATEN IS,5042200046,5164715,0,"",D,"",00,01,"","ADDRESS FOUND IN TPAD, NOT FOUND IN PAD",8,520219442,52021944205/14/2019 12:00:00 AM,2019-05-14,2018-04-30,04/02/2015
18-29,20 AVENUE,QUEENS,4008500100,4597131,0,"",2,"",00,01,"","TPAD BBL USED, NO EXISTING PAD BBL",*,421154725,42115472505/26/2017 12:00:00 AM,2017-05-26,2016-11-10,04/24/2015
1228,YORK AVENUE,MANHATTAN,1014809010,1089711,0,"",D,"",00,01,"","ADDRESS FOUND IN TPAD, NOT FOUND IN PAD",8,121192761,12119276111/04/2019 12:00:00 AM,2019-03-13,2015-10-05,02/20/2015
14,WATERFORD COURT,STATEN IS,5031210098,5170413,0,"",D,"",00,01,"","ADDRESS FOUND IN TPAD, NOT FOUND IN PAD",8,520318816,52031881607/15/2019 12:00:00 AM,2019-07-15,2018-04-13,01/19/2018
45-06,64 STREET,QUEENS,4023240039,4541683,0,"",2,"",00,01,"","TPAD BBL USED, NO EXISTING PAD BBL",*,402242532,40224253206/20/2012 12:00:00 AM,2011-06-20,2006-03-07,11/09/2005
215,MCBAINE AVENUE,STATEN IS,5070450167,5165270,0,"",D,"",00,01,"","ADDRESS FOUND IN TPAD, NOT FOUND IN PAD",8,520263768,52026376802/10/2017 12:00:00 AM,2017-02-10,2016-04-13,02/19/2016
225,14 STREET,BROOKLYN,3010347501,"","","",8,"",00,01,"","PAD BBL USED, TPAD NB BIN WITH NB-0 ON DIFFERENT BBL THAN PAD BIN",*,321196585,32119658505/08/2019 12:00:00 AM,2018-10-31,2017-02-03,03/08/2016
4224,HILL AVENUE,BRONX,2050300037,2127108,0,"",3,"",00,01,"","TPAD BBL USED, PAD PSEUDO-ADDRESS ON DIFFERENT BBL THAN TPAD NB BIN",8,220416752,22041675212/18/2017 12:00:00 AM,2017-12-18,2015-12-04,05/05/2015
293,CROMWELL AVENUE,STATEN IS,5033400104,5169327,0,"",D,"",00,01,"","ADDRESS FOUND IN TPAD, NOT FOUND IN PAD",8,520286191,52028619111/08/2018 12:00:00 AM,2018-11-08,2017-03-07,12/20/2016
494,BEDFORD AVENUE,STATEN IS,5037360028,5169046,0,"",4,"",00,01,"","TPAD BBL USED,EXISTING PAD BIN OF INPUT ADDR ON DIFF BBL THAN TPAD NB BIN",8,520301487,52030148711/14/2018 12:00:00 AM,2018-11-14,2017-08-04,06/14/2017
251,CAMBRIDGE AVENUE,STATEN IS,5015240022,5169798,0,"",D,"",00,01,"","ADDRESS FOUND IN TPAD, NOT FOUND IN PAD",8,520300184,52030018410/09/2018 12:00:00 AM,2018-10-09,2017-11-30,09/21/2017
1118,45 STREET,BROOKLYN,3056157505,"","","",8,"",00,01,"","PAD BBL USED, TPAD NB BIN WITH NB-0 ON DIFFERENT BBL THAN PAD BIN",*,320550765,32055076501/17/2014 12:00:00 AM,2014-01-17,2013-01-14,08/29/2012
820,EAST    3 STREET,BROOKLYN,3054150025,3418336,0,"",4,"",00,01,"","TPAD BBL USED,EXISTING PAD BIN OF INPUT ADDR ON DIFF BBL THAN TPAD NB BIN",8,321060043,32106004312/13/2016 12:00:00 AM,2016-12-13,2015-06-08,01/21/2015
71-77,159 STREET,QUEENS,4067980006,4539234,1,"",2,"",00,01,"","TPAD BBL USED, NO EXISTING PAD BBL",*,420295790,42029579012/14/2012 12:00:00 AM,2012-12-14,2011-06-07,12/10/2010
2625,86 STREET,BROOKLYN,3070920025,3397175,0,"",2,"",00,01,"","TPAD BBL USED, NO EXISTING PAD BBL",*,320194909,32019490912/01/2011 12:00:00 AM,2011-12-01,2011-01-10,08/09/2010
223,WEST  262 STREET,BRONX,2058880167,2116964,1,"",3,"",00,01,"","TPAD BBL USED, PAD PSEUDO-ADDRESS ON DIFFERENT BBL THAN TPAD NB BIN",8,220070946,22007094605/02/2017 12:00:00 AM,2017-05-02,2015-01-02,07/07/2010
483,EAST FORDHAM ROAD,BRONX,2032730001,2118470,2,"",2,"",00,01,"","TPAD BBL USED, NO EXISTING PAD BBL",*,220138198,22013819808/13/2012 12:00:00 AM,2012-04-19,2011-10-31,09/07/2011
86 GARAGE,SERRELL AVENUE,STATEN IS,5056250020,5171121,0,"",D,"",00,01,"","ADDRESS FOUND IN TPAD, NOT FOUND IN PAD",*,520233827,52023382710/01/2018 12:00:00 AM,2018-10-01,2015-09-14,03/20/2015
5066,ARTHUR KILL ROAD,STATEN IS,5079830001,5166288,0,"",D,"",00,01,"","ADDRESS FOUND IN TPAD, NOT FOUND IN PAD",*,520276807,52027680708/15/2018 12:00:00 AM,2018-05-08,2017-08-22,06/08/2017
4575,MANHATTAN COLLEGE PARKWAY,BRONX,2058030801,2127444,0,"",2,"",00,01,"","TPAD BBL USED, NO EXISTING PAD BBL",*,220520924,22052092408/12/2016 12:00:00 AM,2016-09-19,2016-08-12,03/21/2016
224,RICHARDSON STREET,BROOKLYN,3028570019,3398492,1,"",2,"",00,01,"","TPAD BBL USED, NO EXISTING PAD BBL",*,320377908,32037790804/25/2017 12:00:00 AM,2017-03-29,2013-05-09,11/09/2012
511,WESER AVENUE,STATEN IS,5029170028,5166798,0,"",D,"",00,01,"","ADDRESS FOUND IN TPAD, NOT FOUND IN PAD",*,520228655,52022865504/26/2019 12:00:00 AM,2019-04-26,2018-03-13,08/19/2016
121-14,149 AVENUE,QUEENS,4118220039,4601803,0,"",3,"",00,01,"","TPAD BBL USED, PAD PSEUDO-ADDRESS ON DIFFERENT BBL THAN TPAD NB BIN",8,421189421,42118942107/09/2019 12:00:00 AM,2019-07-09,2015-10-14,07/15/2015
169-07,107 AVENUE,QUEENS,4102380057,4617442,0,"",3,"",00,01,"","TPAD BBL USED, PAD PSEUDO-ADDRESS ON DIFFERENT BBL THAN TPAD NB BIN",8,421035338,42103533807/17/2018 12:00:00 AM,2018-07-17,2016-03-02,12/26/2014
21A,WRIGHT AVENUE,STATEN IS,5011580145,5166418,0,"",D,"",00,01,"","ADDRESS FOUND IN TPAD, NOT FOUND IN PAD",8,520260299,52026029901/12/2017 12:00:00 AM,2017-01-12,2016-05-03,02/24/2016
420,PAGE AVENUE,STATEN IS,5077920247,5165143,0,"",D,"",00,01,"","ADDRESS FOUND IN TPAD, NOT FOUND IN PAD",8,520287065,52028706507/05/2019 12:00:00 AM,2019-07-05,2018-02-20,02/22/2017
116,JACQUES AVENUE,STATEN IS,5036430043,5170198,0,"",D,"",00,01,"","ADDRESS FOUND IN TPAD, NOT FOUND IN PAD",*,520322721,52032272111/18/2019 12:00:00 AM,2019-11-18,2018-08-06,02/05/2018
111,BURKE AVENUE,STATEN IS,5026250133,5171819,0,"",3,"",00,01,"","TPAD BBL USED, PAD PSEUDO-ADDRESS ON DIFFERENT BBL THAN TPAD NB BIN",8,520369949,52036994911/29/2019 12:00:00 AM,2019-11-29,2019-02-20,02/04/2019
163,FOCH AVENUE,STATEN IS,5032510043,5170670,0,"",D,"",00,01,"","ADDRESS FOUND IN TPAD, NOT FOUND IN PAD",*,520337136,52033713610/30/2019 12:00:00 AM,2019-10-30,2018-08-21,06/21/2018
101-24,99 STREET,QUEENS,4091050016,4607326,0,"",3,"",01,01,CAUTION: BLOCK FACE CONTAINS OUT-OF-SEQUENCE AND/OR OPPOSITE PARITY ADDRESSES,"TPAD BBL USED, PAD PSEUDO-ADDRESS ON DIFFERENT BBL THAN TPAD NB BIN",8,421229307,42122930705/14/2018 12:00:00 AM,2018-05-14,2015-12-18,11/09/2015
132-15,41 AVENUE,QUEENS,4050370105,4541708,1,"",2,"",00,01,"","TPAD BBL USED, NO EXISTING PAD BBL",*,420581524,42058152401/07/2015 12:00:00 AM,2014-12-10,2013-03-27,06/15/2012
90,TROY AVENUE,BROOKLYN,3013400042,3413719,0,"",2,"",00,01,"","TPAD BBL USED, NO EXISTING PAD BBL",*,320914490,32091449011/28/2016 12:00:00 AM,2016-11-28,2015-01-28,06/27/2014
115,BRICKTOWN WAY,STATEN IS,5074460050,5170012,0,"",D,"",00,01,"","ADDRESS FOUND IN TPAD, NOT FOUND IN PAD",*,500813408,50081340802/01/2006 12:00:00 AM,2014-03-21,2006-01-31,12/12/2005
1654,PARKER STREET,BRONX,2039910025,2128718,0,"",D,"",00,01,"","ADDRESS FOUND IN TPAD, NOT FOUND IN PAD",8,220601007,22060100706/27/2019 12:00:00 AM,2019-05-23,2018-04-04,06/14/2017
196,SOUTH FIRST STREET,BROOKLYN,3024070005,3423324,0,"",2,"",00,01,"","TPAD BBL USED, NO EXISTING PAD BBL",*,320612379,32061237901/30/2018 12:00:00 AM,2017-12-27,2015-04-02,09/17/2013
163-18,115 AVENUE,QUEENS,4123350061,4596254,0,"",D,"",00,01,"","ADDRESS FOUND IN TPAD, NOT FOUND IN PAD",*,421051907,42105190710/01/2018 12:00:00 AM,2018-11-29,2016-08-10,11/06/2014
436,ALBEE SQUARE,BROOKLYN,3001460048,3425866,0,"",2,"",00,01,"","TPAD BBL USED, NO EXISTING PAD BBL",*,320917665,32091766501/22/2019 12:00:00 AM,2018-04-26,2015-05-01,06/02/2014
70 GARAGE,CRAFTON AVENUE,STATEN IS,5007490008,5171055,0,"",D,"",00,01,"","ADDRESS FOUND IN TPAD, NOT FOUND IN PAD",*,520354768,52035476812/19/2019 12:00:00 AM,2019-12-19,2019-02-28,11/08/2018
470,DEAN STREET,BROOKLYN,3011357501,"","","",8,"",00,01,"","PAD BBL USED, TPAD NB BIN WITH NB-0 ON DIFFERENT BBL THAN PAD BIN",8,320627354,32062735410/29/2019 12:00:00 AM,2018-09-25,2015-12-04,09/23/2014
511,LAFAYETTE AVENUE,BROOKLYN,3017837504,"","","",8,"",00,01,"","PAD BBL USED, TPAD NB BIN WITH NB-0 ON DIFFERENT BBL THAN PAD BIN",*,321185793,32118579305/16/2019 12:00:00 AM,2019-05-16,2016-11-17,04/20/2016
232,EIGHTH STREET,STATEN IS,5042400016,5171238,0,"",D,"",00,01,"","ADDRESS FOUND IN TPAD, NOT FOUND IN PAD",8,520357177,52035717712/09/2019 12:00:00 AM,2019-12-09,2019-03-12,01/31/2019
173,SAND LANE,STATEN IS,5031080060,5170938,0,"",D,"",00,01,"","ADDRESS FOUND IN TPAD, NOT FOUND IN PAD",8,520337644,52033764407/05/2019 12:00:00 AM,2019-07-05,2018-08-20,06/26/2018
283,GRANITE AVENUE,STATEN IS,5011700020,5169205,0,"",D,"",00,01,"","ADDRESS FOUND IN TPAD, NOT FOUND IN PAD",8,520302958,52030295805/10/2018 12:00:00 AM,2018-05-10,2017-08-15,06/21/2017
145,GREAT KILLS ROAD,STATEN IS,5051260046,5169201,0,"",D,"",00,01,"","ADDRESS FOUND IN TPAD, NOT FOUND IN PAD",8,520292763,52029276307/23/2019 12:00:00 AM,2019-07-23,2018-06-05,02/22/2018
2079,EDENWALD AVENUE,BRONX,2050260057,2127114,0,"",D,"",00,01,"","ADDRESS FOUND IN TPAD, NOT FOUND IN PAD",8,220426368,22042636812/07/2018 12:00:00 AM,2018-10-11,2017-06-15,05/06/2015
169-11,107 AVENUE,QUEENS,4102380055,4617444,0,"",3,"",00,01,"","TPAD BBL USED, PAD PSEUDO-ADDRESS ON DIFFERENT BBL THAN TPAD NB BIN",8,421068196,42106819606/18/2018 12:00:00 AM,2018-06-18,2016-03-03,12/24/2014
251,1 STREET,BROOKLYN,3009647501,3424500,0,"",4,"",00,01,"","TPAD BBL USED,EXISTING PAD BIN OF INPUT ADDR ON DIFF BBL THAN TPAD NB BIN",8,320592596,32059259608/03/2018 12:00:00 AM,2017-05-04,2014-11-14,11/14/2013
50,BRITTON STREET,STATEN IS,5001780018,5170570,0,"",2,"",00,01,"","TPAD BBL USED, NO EXISTING PAD BBL",*,520333283,52033328307/18/2019 12:00:00 AM,2019-07-18,2018-06-26,04/10/2018
165 GARAGE,BATHGATE STREET,STATEN IS,5054070027,5170241,0,"",D,"",00,01,"","ADDRESS FOUND IN TPAD, NOT FOUND IN PAD",8,520315640,52031564003/07/2019 12:00:00 AM,2019-03-07,2017-11-28,10/04/2017
402,PAGE AVENUE,STATEN IS,5077920276,5165139,0,"",D,"",00,01,"","ADDRESS FOUND IN TPAD, NOT FOUND IN PAD",8,520287029,52028702912/18/2018 12:00:00 AM,2018-12-18,2017-10-23,02/22/2017
313,POULTNEY STREET,STATEN IS,5037440053,5169198,0,"",D,"",00,01,"","ADDRESS FOUND IN TPAD, NOT FOUND IN PAD",8,520305456,52030545609/26/2019 12:00:00 AM,2019-09-26,2018-07-17,06/28/2017
1414,WEST    4 STREET,BROOKLYN,3065800017,3424450,0,"",2,"",00,01,"","TPAD BBL USED, NO EXISTING PAD BBL",*,302181886,30218188611/15/2018 12:00:00 AM,2018-11-15,2008-05-21,06/28/2006
169-15,107 AVENUE,QUEENS,4102380054,4617441,0,"",3,"",00,01,"","TPAD BBL USED, PAD PSEUDO-ADDRESS ON DIFFERENT BBL THAN TPAD NB BIN",8,421068141,42106814106/18/2018 12:00:00 AM,2018-06-18,2016-03-03,12/24/2014
47,HALL AVENUE,STATEN IS,5020900110,5170837,0,"",4,"",00,01,"","TPAD BBL USED,EXISTING PAD BIN OF INPUT ADDR ON DIFF BBL THAN TPAD NB BIN",8,520067061,52006706101/29/2019 12:00:00 AM,2019-01-29,2016-06-06,05/20/2011
2142,GERRITSEN AVENUE,BROOKLYN,3073410102,3426221,0,"",2,"",00,01,"","TPAD BBL USED, NO EXISTING PAD BBL",*,321118722,32111872206/18/2019 12:00:00 AM,2019-02-27,2015-12-18,05/28/2015
"",RANDALLS ISLAND,MANHATTAN,1018190203,1090405,0,"",2,"",58,01,"NON-ADDRESSABLE PLACE NAME, BRIDGE, TUNNEL OR MISC STRUCTURE NOT FOUND","TPAD BBL USED, NO EXISTING PAD BBL",I,104884181,10488418110/02/2009 12:00:00 AM,2019-10-08,2008-02-28,08/27/2007
2760,BRIGGS AVENUE,BRONX,2032950001,2127331,0,"",D,"",00,01,"","ADDRESS FOUND IN TPAD, NOT FOUND IN PAD",*,201195704,20119570410/18/2019 12:00:00 AM,2019-08-14,2017-04-28,04/22/2016
323,20 STREET,BROOKLYN,3008860073,3397864,0,"",2,"",00,01,"","TPAD BBL USED, NO EXISTING PAD BBL",*,320596547,32059654702/26/2018 12:00:00 AM,2017-09-08,2015-05-20,11/13/2014
257,ST JOHNS AVENUE,STATEN IS,5029830064,5153255,2,"",2,"",00,01,"","TPAD BBL USED, NO EXISTING PAD BBL",*,520047315,52004731505/10/2012 12:00:00 AM,2012-05-10,2011-06-09,08/30/2010
162,MONROE STREET,BROOKLYN,3018170025,3422073,0,"",2,"",00,01,"","TPAD BBL USED, NO EXISTING PAD BBL",*,320916210,32091621011/10/2016 12:00:00 AM,2016-10-26,2015-05-12,07/18/2014
6,ST MARYS AVENUE,STATEN IS,5028470080,5170440,0,"",D,"",00,01,"","ADDRESS FOUND IN TPAD, NOT FOUND IN PAD",*,520316202,52031620204/03/2018 12:00:00 AM,2019-09-06,2018-04-03,10/10/2017
"",RANDALLS ISLAND,MANHATTAN,1018190203,1090405,0,"",2,"",58,01,"NON-ADDRESSABLE PLACE NAME, BRIDGE, TUNNEL OR MISC STRUCTURE NOT FOUND","TPAD BBL USED, NO EXISTING PAD BBL",I,104718815,10471881509/06/2013 12:00:00 AM,2015-05-28,2008-07-25,03/28/2007
11,MADISON AVENUE,MANHATTAN,1008547501,"","","",8,"",00,01,"","PAD BBL USED, TPAD NB BIN WITH NB-0 ON DIFFERENT BBL THAN PAD BIN",*,122208388,12220838804/10/2015 12:00:00 AM,2016-02-10,2015-04-10,12/01/2014
11,MADISON AVENUE,MANHATTAN,1008547501,"","","",8,"",00,01,"","PAD BBL USED, TPAD NB BIN WITH NB-0 ON DIFFERENT BBL THAN PAD BIN",*,122047114,12204711409/27/2017 12:00:00 AM,2016-03-18,2014-09-05,06/26/2014
536,MYRTLE AVENUE,BROOKLYN,3019050040,3395087,2,"",2,"",00,01,"","TPAD BBL USED, NO EXISTING PAD BBL",*,310078171,31007817108/14/2013 12:00:00 AM,2010-09-27,2008-11-17,12/31/2007
880,TINTON AVENUE,BRONX,2026680061,2118089,1,"",2,"",00,01,"","TPAD BBL USED, NO EXISTING PAD BBL",*,220111484,22011148410/04/2013 12:00:00 AM,2013-08-06,2012-04-27,04/04/2011
51,AUDUBON AVENUE,MANHATTAN,1021230082,1088108,0,"",2,"",00,01,"","TPAD BBL USED, NO EXISTING PAD BBL",*,120273612,12027361203/05/2015 12:00:00 AM,2012-11-09,2010-08-10,02/22/2010
87,CHAMBERS STREET,MANHATTAN,1001497503,"","","",8,"",00,01,"","PAD BBL USED, TPAD NB BIN WITH NB-0 ON DIFFERENT BBL THAN PAD BIN",8,120571194,12057119406/13/2019 12:00:00 AM,2015-08-06,2013-03-28,01/05/2011
4,NORTH HENRY STREET,BROOKLYN,3028320027,3418424,0,"",D,"",00,01,"","ADDRESS FOUND IN TPAD, NOT FOUND IN PAD",*,320625196,32062519608/02/2017 12:00:00 AM,2017-07-13,2016-07-27,05/21/2015
566,GULF AVENUE,STATEN IS,5018350001,5166781,0,"",2,"",00,01,"","TPAD BBL USED, NO EXISTING PAD BBL",*,520225426,52022542606/27/2019 12:00:00 AM,2019-11-20,2017-12-05,05/03/2016
42,LEXINGTON AVENUE,BROOKLYN,3019690036,3421629,0,"",2,"",00,01,"","TPAD BBL USED, NO EXISTING PAD BBL",*,321316740,32131674001/11/2019 12:00:00 AM,2019-09-24,2017-06-05,02/24/2016
755,PARK AVENUE,BROOKLYN,3017310030,3422099,0,"",3,"",00,01,"","TPAD BBL USED, PAD PSEUDO-ADDRESS ON DIFFERENT BBL THAN TPAD NB BIN",8,320913357,32091335708/22/2019 12:00:00 AM,2019-08-22,2018-03-27,10/07/2014
570,EAST  137 STREET,BRONX,2025480002,2128429,0,"",3,"",00,01,"","TPAD BBL USED, PAD PSEUDO-ADDRESS ON DIFFERENT BBL THAN TPAD NB BIN",8,220152661,22015266106/05/2019 12:00:00 AM,2019-12-30,2017-06-28,03/10/2017
112,ST EDWARDS STREET,BROOKLYN,3020340134,3424494,0,"",D,"",00,01,"","ADDRESS FOUND IN TPAD, NOT FOUND IN PAD",8,321186541,32118654112/11/2019 12:00:00 AM,2019-12-16,2017-08-01,04/03/2017
1530,PUTNAM AVENUE,BROOKLYN,3033790054,3425522,0,"",4,"",00,01,"","TPAD BBL USED,EXISTING PAD BIN OF INPUT ADDR ON DIFF BBL THAN TPAD NB BIN",8,320913080,32091308008/24/2017 12:00:00 AM,2017-08-24,2015-04-29,10/01/2014
7,NAVY PIER COURT,STATEN IS,5004877501,"","","",8,"",00,01,"","PAD BBL USED, TPAD NB BIN WITH NB-0 ON DIFFERENT BBL THAN PAD BIN",*,520132963,52013296307/25/2016 12:00:00 AM,2016-08-18,2013-06-26,12/03/2012
507,SCHROEDERS AVENUE,BROOKLYN,3112390451,3421526,0,"",2,"",42,01,ADDRESS NUMBER OUT OF RANGE,"TPAD BBL USED, NO EXISTING PAD BBL",*,321187942,32118794204/23/2019 12:00:00 AM,2019-04-23,2016-09-26,05/16/2016
988,EAST  180 STREET,BRONX,2031320002,2128733,0,"",2,"",00,01,"","TPAD BBL USED, NO EXISTING PAD BBL",*,220152233,22015223306/21/2019 12:00:00 AM,2019-08-15,2017-08-15,05/17/2016
242,BROOME STREET,MANHATTAN,1004090056,1089450,0,"",2,"",00,01,"","TPAD BBL USED, NO EXISTING PAD BBL",*,121187045,12118704506/15/2018 12:00:00 AM,2018-04-12,2015-05-04,09/11/2014
1520,PROSPECT PLACE,BROOKLYN,3013680035,3424852,0,"",3,"",00,01,"","TPAD BBL USED, PAD PSEUDO-ADDRESS ON DIFFERENT BBL THAN TPAD NB BIN",8,321188656,32118865603/16/2019 12:00:00 AM,2019-03-16,2018-01-17,08/31/2017
509,WEST   38 STREET,MANHATTAN,1007100022,1089733,0,"",2,"",00,01,"","TPAD BBL USED, NO EXISTING PAD BBL",*,121186171,12118617104/28/2017 12:00:00 AM,2017-04-28,2015-02-19,06/30/2014
1880,BATHGATE AVENUE,BRONX,2029240007,2128726,0,"",2,"",00,01,"","TPAD BBL USED, NO EXISTING PAD BBL",*,220152420,22015242002/07/2019 12:00:00 AM,2019-12-09,2017-11-03,09/19/2016
116,WALTON STREET,BROOKLYN,3022500025,3413790,0,"",2,"",00,01,"","TPAD BBL USED, NO EXISTING PAD BBL",*,320822053,32082205312/06/2016 12:00:00 AM,2016-12-06,2014-06-23,12/17/2013
410,MANHATTAN AVENUE,BROOKLYN,3027340004,3425751,0,"",2,"",00,01,"","TPAD BBL USED, NO EXISTING PAD BBL",*,320597948,32059794810/25/2018 12:00:00 AM,2017-04-28,2015-07-20,12/22/2014
3206,GLENWOOD ROAD,BROOKLYN,3075600040,3425719,0,"",D,"",00,01,"","ADDRESS FOUND IN TPAD, NOT FOUND IN PAD",8,321695867,32169586708/09/2019 12:00:00 AM,2019-08-09,2018-04-19,01/25/2018
34-11,BEACH CHANNEL DRIVE,QUEENS,4159507501,"","","",8,"",00,01,"","PAD BBL USED, TPAD NB BIN WITH NB-0 ON DIFFERENT BBL THAN PAD BIN",8,421094283,42109428311/08/2017 12:00:00 AM,2018-08-20,2015-06-17,03/23/2015
147-36,94 AVENUE,QUEENS,4099990009,4608253,0,"",2,"",00,01,"","TPAD BBL USED, NO EXISTING PAD BBL",*,420655703,42065570312/12/2019 12:00:00 AM,2018-05-16,2016-07-07,12/22/2015
425,WEST   18 STREET,MANHATTAN,1007160015,1089965,0,"",2,"",00,01,"","TPAD BBL USED, NO EXISTING PAD BBL",*,122736762,12273676208/01/2019 12:00:00 AM,2018-11-20,2017-02-13,06/16/2016
695,GRAND STREET,BROOKLYN,3027827502,"","","",8,"",00,01,"","PAD BBL USED, TPAD NB BIN WITH NB-0 ON DIFFERENT BBL THAN PAD BIN",*,320623250,32062325007/29/2019 12:00:00 AM,2018-08-29,2016-07-29,02/12/2015
3620,WEBSTER AVENUE,BRONX,2033600077,2121025,0,"",3,"",00,01,"","TPAD BBL USED, PAD PSEUDO-ADDRESS ON DIFFERENT BBL THAN TPAD NB BIN",8,220471503,22047150305/04/2018 12:00:00 AM,2018-10-15,2015-12-29,08/03/2015
